Age,Sex,Job,Housing,Saving accounts,Checking account,Credit amount,Duration,Purpose,description,target
67,male,2,own,,little,1169,6,radio/TV," Based on the data provided, here is my credit risk analysis:

This 67 year old male customer has a skilled job, owns his housing, has a little checking account, and is requesting a 1169 credit amount for a 6 month radio/TV loan. His skilled job status suggests a moderate and steady income stream to repay the loan. Homeownership also indicates financial responsibility. While his checking account balance is low, the loan amount and duration are also relatively low, so his income may be sufficient",unknown
22,female,2,own,little,moderate,5951,48,radio/TV," Based on the data provided, here is my credit risk analysis:

This 22 year old female has a skilled job and owns her housing. She has little savings but a moderate checking account. She is requesting a 5,951 credit amount to be paid back over 48 months for the purpose of a radio/TV purchase. 

Given her relatively young age, stable skilled employment, and ownership of her housing, she seems to demonstrate some financial responsibility that helps mitigate default risk. The 48 month term",unknown
49,male,1,own,little,,2096,12,education," Based on the data provided, here is my credit risk analysis:

This 49 year old male has an unskilled but resident job. He owns his housing. His savings account balance is relatively low. He has requested a credit amount of 2096 for an education purpose, to be paid back over 12 months. 

Given his stable residency and employment, moderate credit request for an education purpose, and plans to pay back within a year, I would evaluate him to be a reasonably goo",unknown
45,male,2,free,little,little,7882,42,furniture/equipment," Based on the data provided, here is my credit risk analysis:

This 45 year old male customer works a skilled job and lives in free housing. He has little savings and a little amount in his checking account. He is requesting a $7,882 loan with a 42 month duration to purchase furniture or equipment. 

Given his skilled employment, the loan amount and duration seem reasonable for his profile and purpose. The limited savings is a minor risk factor, but overall I would rate this as",unknown
53,male,2,free,little,little,4870,24,car," Based on the data provided, here is my credit risk analysis:

This 53 year old male has a skilled job and lives in free housing. He has little money in his saving and checking accounts. He is requesting a 4870 credit amount to purchase a car, to be paid back over 24 months. 

As a skilled worker with steady housing, he represents a reasonably good credit risk. The loan amount and duration are also not too high relative to his income level. 

The main",unknown
35,male,1,free,,,9055,36,education," Based on the provided data, here is my credit risk analysis:

This 35 year old male has an unskilled but resident job, lives in free housing, and is seeking an education loan of 9055 over 36 months. With the information given, he seems to have a moderate credit risk profile. His age, job status as a resident, and purpose for the loan are positive factors. The loan amount and duration are also reasonable. 

However, there is lack of visibility into his",unknown
53,male,2,own,quite rich,,2835,24,furniture/equipment," Based on the data provided, here is my credit risk analysis:

This 53 year old male customer has a skilled job, owns his housing, and has quite rich saving accounts. He is requesting a 2835 credit amount over a 24 month duration to purchase furniture/equipment. His profile indicates he likely has a good income and assets to repay the loan. The requested loan amount and duration seem reasonable given his profile. 

I would rate him as low credit risk based on:
- Sk",unknown
35,male,3,rent,little,moderate,6948,36,car," Based on the data provided, this 35 year old highly skilled male has taken out a 6948 credit amount car loan for 36 month duration. He is currently renting his housing. His saving accounts are categorized as little and his checking account is moderate. Given his highly skilled job status, moderate checking account funds, and need for a vehicle purchased through a 3 year loan, he seems to demonstrate responsible financial management that makes him a reasonably good credit risk.",good risk
61,male,1,own,rich,,3059,12,radio/TV," Based on the data provided, here is my credit risk analysis:

This is a 61 year old male with an unskilled but resident job. He owns his housing and has a rich saving account. He is requesting a 3059 credit amount over 12 months to purchase a radio/TV. His rich saving account demonstrates financial discipline and ability to make regular payments. The relatively small loan amount over a short duration for a reasonable purpose should pose low credit risk. I would recommend approving this application.",unknown
28,male,3,own,little,moderate,5234,30,car," Based on the data provided, here is my credit risk analysis:

This 28 year old male has a highly skilled job, owns his housing, has little savings but a moderate checking account, and is seeking a 5234 credit amount over 30 months to purchase a car. His profile indicates a relatively low credit risk overall, supported by his skilled employment status, ownership of his residence, and moderate use of checking accounts. The moderate 30 month loan amount to purchase a car also appears reasonable given these other",good risk
25,female,2,rent,little,moderate,1295,12,car," Based on the data provided, here is my credit risk analysis:

The applicant is a 25 year old female with a skilled job. She is currently renting her housing. She has little savings but a moderate checking account balance. She has applied for a 1,295 credit amount to be paid back over 12 months to purchase a car.

Some insights into credit risk factors:
- Her young age suggests she has had less time to establish a strong credit history. There may be more",unknown
24,female,2,rent,little,little,4308,48,business," Based on the data provided, here is my credit risk analysis:

The applicant is a 24 year old female with a skilled job. She is currently renting her housing. She has little savings in both her saving and checking accounts. She is requesting a 4308 credit amount to be paid back over 48 month duration, to be used for business purposes.

Some insights into the credit risk:
- Her young age may indicate less financial stability and credit history compared to older applicants.",unknown
22,female,2,own,little,moderate,1567,12,radio/TV," Based on the data provided, this is a 22 year old female with a skilled job who owns her housing. She has a small savings account and a moderate checking account. She has requested a 1,567 credit amount to be paid back over 12 months for the purpose of a radio/TV purchase. 

With a skilled job and ownership of her housing, she seems financially responsible. The relatively small loan amount compared to the duration suggests she is not overextending herself. While her savings are low",unknown
60,male,1,own,little,little,1199,24,car," Based on the data provided, here is my credit risk analysis:

This 60 year old male has an unskilled but resident job. He owns his house and has little savings in both his saving and checking accounts. He is requesting a $1,199 car loan for 24 months. His limited savings and unskilled job indicate he likely has a low income. While owning a home demonstrates financial responsibility, the small loan amount and duration suggest this car may be pushing the limits of what he",unknown
28,female,2,rent,little,little,1403,15,car," Based on the provided data, this 28 year old female has a skilled job and is renting her housing. She has little savings in both her saving and checking accounts. She has requested a 1,403 credit amount to be paid back over 15 months for the purpose of purchasing a car. 

With little savings, her ability to withstand financial hardship is limited. However, her skilled job status is a positive sign for repaying the relatively small loan amount. The fairly short 15 month duration also low",good risk
32,female,1,own,moderate,little,1282,24,radio/TV," Based on the data provided, here is my credit risk analysis:

This is a 32 year old female with an unskilled but resident job. She owns her housing. Her saving accounts are moderate and checking account is little. She has requested a $1,282 credit amount to purchase a radio/TV, through a 24 month loan.

Given her job status and limited savings, she may have some difficulty making larger loan payments for expensive items like a radio/TV. However,",unknown
53,male,2,own,,,2424,24,radio/TV," Based on the limited data provided, here is my credit risk analysis:

This 53 year old male has a skilled job, owns his housing, and is seeking a 24 month loan of 2424 for the purpose of a radio/TV. His credit risk profile is moderately low given his skilled employment status and home ownership. However, without further data on his savings and checking account balances, I cannot provide a more detailed assessment of his creditworthiness or risk level. Additional financial background details would allow",unknown
25,male,2,own,,little,8072,30,business," Based on the data provided, here is my credit risk analysis:

This 25 year old male has a skilled job and owns his housing. He has a little checking account and requested a 8072 credit amount over a 30 month duration for a business purpose. His relatively young age and skilled job status are positives in terms of creditworthiness. Owning his housing also demonstrates financial responsibility. The 30 month loan duration is reasonable. The main area of concern would be the relatively large credit amount request compare",unknown
44,female,3,free,little,moderate,12579,24,car," Based on the data provided, here is my credit risk analysis:

The client is a 44 year old female with a highly skilled job. She lives in free housing, indicating financial stability. She has little savings but a moderate checking account. She has requested a $12,579 car loan for 24 months.

Given her high skill job, free housing, and moderate checking account activity, she presents low credit risk despite having little savings. The loan amount and duration are reasonable given her profile",good risk
31,male,2,own,quite rich,,3430,24,radio/TV," Based on the data provided, here is my credit risk analysis:

This 31 year old male has a skilled job and owns his housing. He has quite rich saving accounts. He is requesting a credit amount of 3430 for a duration of 24 months to purchase a radio/TV. 

Given that he is skilled, an owner, and has substantial savings, he seems to demonstrate financial stability. The loan amount and duration also seem reasonable given his profile. I would rate him as low credit",good risk
48,male,2,own,little,,2134,9,car," Based on the data provided, here is my credit risk analysis:

This 48 year old male has a skilled job and owns his housing. He has little savings, which indicates limited financial reserves to withstand income disruptions. However, his requested credit amount of 2,134 and duration of 9 months for a car purchase seem reasonable given his profile. 

Overall I would rate him as a moderate credit risk. The amount and duration of the loan seem manageable considering his steady skilled employment status.",unknown
44,male,2,rent,quite rich,little,2647,6,radio/TV," Based on the data provided, this 44 year old male has a skilled job and rents his housing. He has quite a large amount of savings but only a small checking account balance. He has taken out a 2647 credit amount to be repaid over 6 months for the purpose of a radio or TV purchase. 

His significant savings indicates he likely has a good credit history and ability to repay debts. The relatively small checking account could suggest he primarily uses savings for larger purchases and day-to-",bad risk
48,male,1,rent,little,little,2241,10,car," Based on the data provided, here is my credit risk analysis:

This 48 year old male has an unskilled but resident job. He is currently renting his housing. His saving accounts are categorized as little and he also has a little checking account. He has applied for a $2,241 car loan with a 10 month duration. 

Given his stable residency and employment, even though unskilled, he represents a moderate credit risk. The loan amount and duration are also",unknown
44,male,2,own,moderate,moderate,1804,12,car," Based on the data provided, here is my credit risk analysis:

This 44 year old male has a skilled job, owns his housing, has moderate savings and checking accounts, and is requesting a 1804 credit amount over 12 months to purchase a car. His profile indicates a reasonable credit risk overall. Being mid-career with steady skilled employment and moderate savings suggests he has the means to repay the loan. A 12 month $1804 car loan is not excessive relative to his income level. I",good risk
26,male,2,own,,,2069,10,furniture/equipment," Based on the limited data provided, here is my credit risk analysis:

This 26 year old male has a skilled job, owns his housing, and is seeking a moderate credit amount of 2069 for a 10 month duration to purchase furniture or equipment. His skilled employment status and housing ownership are positive factors. The credit amount and duration seem reasonable for the stated purpose.

Unfortunately there is no data provided on his saving/checking account statuses, so I cannot factor those into my analysis. Additional",unknown
36,male,1,own,little,little,1374,6,furniture/equipment," Based on the data provided, here is my credit risk analysis:

This 36 year old male has an unskilled but resident job. He owns his housing. His saving and checking accounts both have little funds. He is requesting a credit amount of 1374 for a 6 month loan to purchase furniture or equipment. 

As an unskilled but resident worker, he likely has a steady low income stream. Home ownership suggests some financial stability. The small saving and checking balances may indicate living",unknown
39,male,1,own,little,,426,6,radio/TV," Based on the provided personal data, I can offer the following credit risk analysis:

This is a 39 year old male with an unskilled but resident job. He owns his housing. His saving accounts are categorized as 'little'. He has requested a 426 credit amount over a 6 month duration, with the purpose being for a radio or TV purchase.

Given the relatively small loan amount requested over a short duration, combined with steady housing and some savings, I would assess this applicant",unknown
42,female,2,rent,rich,rich,409,12,radio/TV," Based on the data provided, here is my credit risk analysis:

This 42 year old female has a skilled job and rents her housing. She has rich saving and checking accounts, indicating good financial health. She is requesting a $409 credit line for 12 months to purchase a radio/TV. Given her skilled job, good income, and responsible use of credit in the past (evidenced by her rich accounts), I assess her as low credit risk if the loan is approved. The loan",good risk
34,male,2,own,little,moderate,2415,7,radio/TV," Based on the data provided, this 34 year old male has a skilled job and owns his housing. He has a little savings and a moderate checking account. He is requesting a $2,415 loan for 7 months to purchase a radio or TV. 

His age, job skills, home ownership and some savings suggest he has a decent financial profile. The loan amount is relatively small given his profile, and the duration is short term. The purpose seems reasonable. Overall I would rate him as a",good risk
63,male,2,own,little,little,6836,60,business," Here is my risk assessment for the given person data:

This 63 year old man has a skilled job and owns his home. He has little amounts in savings and checking accounts. He is seeking a relatively large 6836 credit amount over 60 months for a business purpose. The long 5 year loan duration and business purpose imply higher credit risk. However his job, home ownership and some savings, despite minimal, do reflect a basic financial stability. I hesitate to make definitive judgments based only on this limite",unknown
36,male,2,own,rich,moderate,1913,18,business," Based on the data provided, this 36 year old male has a skilled job and owns his housing. He has a rich saving account and a moderate checking account. He has requested a business loan of 1,913 for a duration of 18 months. 

As he is skilled and a homeowner, he likely has a steady income stream and assets, indicating he may be a reasonable credit risk. The rich saving account also demonstrates financial discipline. The 18 month duration is moderate. And loans for business purposes",good risk
27,male,2,own,little,little,4020,24,furniture/equipment," Based on the data provided, here is my credit risk analysis:

This 27 year old male has a skilled job, owns his housing, has little savings and checking account balances, and is requesting a $4,020, 24 month loan to purchase furniture or equipment. His limited savings likely indicates limited disposable income to service additional debt obligations. However, his skilled employment status and home ownership suggest some financial stability. The loan amount and duration seem reasonable for the intended purchase purpose. 

Overall",unknown
30,male,2,own,moderate,moderate,5866,18,car," Based on the data provided, here is my credit risk analysis:

The applicant is a 30 year old male with a skilled job. He owns his housing. He has moderate savings and checking account balances. He is requesting a $5,866 auto loan for 18 months.

Given his relatively young age, steady skilled employment, moderate savings, and adequate checking account balances, I would rate him as low credit risk for this auto loan. The loan amount and duration seem reasonable given his profile",good risk
57,male,1,rent,,,1264,12,business," Based on the limited data provided, here is my credit risk analysis:

This 57 year old male has an unskilled but resident job. He is currently renting his housing. He has taken out a business loan of 1264 monetary units for a duration of 12 months. 

Given his age and job status, he may have a moderate amount of financial stability to make his loan payments on time. The relatively short 12 month duration is reasonable for a business loan. However, more details",unknown
33,female,3,own,little,rich,1474,12,furniture/equipment," Based on the data provided, this is a 33 year old highly skilled female with an own housing situation. She has a small amount of savings but a rich checking account. She is requesting a 1,474 credit amount over 12 months to purchase furniture or equipment. 

With her highly skilled job, owned residence and rich checking account balance, she seems to have a reasonably strong financial profile. The credit amount and duration are also not very high relative to her profile. I would evaluate this as a fairly",unknown
25,male,1,own,little,moderate,4746,45,radio/TV," Based on the data provided, here is my credit risk analysis:

The borrower is a 25 year old male with an unskilled but resident job. He owns his housing. His saving accounts are categorized as little and his checking account is moderate. He is requesting a 4746 credit amount to be paid back over 45 months for the purpose of a radio/TV purchase.

Given the borrower's stable residency and ownership of housing, he may present low flight risk for repayment",unknown
31,male,2,free,little,,6110,48,education," Based on the data provided, here is my credit risk analysis:

This 31 year old male has a skilled job and lives in free housing. He has little savings. He is requesting a 6,110 credit amount to be paid back over 48 months for education purposes. 

Given his skilled job, the 48 month duration is a reasonable timeline to pay back the 6,110 credit amount. The purpose being for education is also low risk. The only slight concern is having little savings, but",unknown
37,male,2,own,little,rich,2100,18,radio/TV," Based on the data provided, here is my credit risk analysis:

This 37 year old male has a skilled job, owns his housing, has little savings but a rich checking account, and is requesting a $2,100 loan for 18 months to purchase a radio/TV. His profile presents low credit risk overall. While his limited savings is a minor concern, his steady skilled employment, home ownership, and substantial checking account assets suggest he has the means to repay the relatively small loan amount.",good risk
37,male,2,own,little,rich,1225,10,domestic appliances," Based on the data provided, here is my credit risk analysis:

This 37 year old male customer works a skilled job and owns his housing. He has a little savings account balance but a rich checking account balance. He is requesting a $1,225 10-month loan to purchase domestic appliances. 

As a skilled worker who owns his home, he likely has a steady income stream to repay the relatively small loan amount. The rich checking account also indicates he has healthy cash flow. The",good risk
24,male,2,own,little,moderate,458,9,radio/TV," Based on the data provided, here is my credit risk analysis:

This is a 24 year old male with a skilled job. He owns his housing. His credit amount requested is 458 for a 9 month duration, with the purpose being to purchase a radio/TV. He has little money in his saving accounts, and a moderate amount in his checking account.

Overall, this applicant poses a low credit risk. His age, job, and home ownership status indicate financial stability. The",unknown
30,male,3,own,quite rich,,2333,30,radio/TV," Based on the data provided, this 30 year old highly skilled male with an own housing situation has quite rich saving accounts. He has requested a 2,333 credit amount over a 30 month duration, with the purpose being for a radio/TV purchase. 

Given his highly skilled job status and quite rich saving accounts, he seems to be in a good financial position to take out this relatively small loan for a medium duration. The credit risk seems low. However, without further data on his income,",good risk
26,male,2,own,quite rich,moderate,1158,12,radio/TV," Based on the data provided, this 26 year old male has a skilled job and owns his housing. He has quite rich saving accounts and a moderate checking account. He is requesting a credit amount of 1158 for a duration of 12 months to purchase a radio/TV. 

His skilled job status and home ownership suggest he has a moderate income and assets to secure the loan. The quite rich saving accounts also indicate good financial habits and reserves. A moderate checking account aligns with responsible spending. The",good risk
44,male,1,own,little,moderate,6204,18,repairs," Based on the data provided, here is my credit risk analysis:

The client is a 44 year old male with an unskilled but resident job. He owns his house and has little savings but a moderate checking account. He is requesting a 6,204 credit line for 18 months to finance repairs. 

Given his stable residency status and home ownership, he presents a moderate credit risk profile. The relatively small loan amount compared to duration suggests the repairs could be critical home maintenance instead of",unknown
24,male,2,rent,moderate,little,6187,30,car," Based on the data provided, here is my credit risk analysis:

This is a 24 year old male with a skilled job. He is currently renting his housing. He has a moderate level of savings and a little amount in his checking account. He is requesting a 6187 credit amount to purchase a car, to be paid back over 30 months. 

Given his relatively young age, skilled job status, moderate savings buffer, and reasonable loan purpose and duration, I would assess him as",unknown
58,female,1,free,little,little,6143,48,car," Based on the data provided, here is my credit risk analysis:

This 58 year old female has an unskilled but resident job, lives in free housing, has little savings and checking accounts, and is seeking a 48 month, $6,143 auto loan. Her limited savings and unskilled job may indicate lower income to repay the loan. However, being a resident and having free housing reduce her fixed costs. Overall I would rate her as a moderate credit risk due to her un",unknown
35,female,3,own,little,,1393,11,car," Based on the data provided, here is my credit risk analysis:

This 35 year old female has a highly skilled job and owns her housing. She has little savings. She is requesting a 1393 credit amount to purchase a car, to be repaid over 11 months. 

Given her stable employment, home ownership and moderate credit amount compared to income level, she presents a low-moderate credit risk. The 11 month duration is reasonable.

I would recommend approving her application, contingent",unknown
39,male,2,own,quite rich,,2299,36,radio/TV," Based on the data provided, this is a 39 year old male with a skilled job who owns his housing. He has quite rich saving accounts and took out a 2299 credit amount over 36 month duration to purchase a radio/TV. 

As an expert in credit risk analysis, some insights I can provide:

- His age and skilled job status suggest he is likely financially stable and responsible. This reduces default risk.

- Home ownership also signals financial stability, further reducing risk.",unknown
23,female,0,rent,quite rich,little,1352,6,car," Based on the provided personal data, here is my credit risk analysis:

This 23 year old female has an unskilled and non-resident job. She rents her housing. Her saving accounts are categorized as quite rich, indicating good financial discipline. However, her checking account is categorized as little, suggesting lower liquidity. She has requested a credit amount of 1352 for a car loan with a 6 month duration. 

Given her young age, unstable job, and need for a vehicle",unknown
39,male,1,own,little,,7228,11,car," Based on the data provided, here is my credit risk analysis:

This 39 year old male has an unskilled but resident job, lives in his own housing, has little savings, and is seeking a 7228 credit amount over 11 months to purchase a car. His limited savings suggests he has limited financial buffers, which could pose a repayment risk if he encounters hardship. The 11 month duration is relatively short, which helps mitigate risk somewhat. Overall I would rate this as a medium credit risk",unknown
28,female,2,own,moderate,,2073,12,radio/TV," Based on the limited data provided, here is my credit risk analysis:

This is a 28 year old female with a skilled job and an own housing situation. She has a moderate level of savings. She is requesting a 2073 credit amount over a 12 month duration to purchase a radio/TV. 

Given her relatively young age, skilled employment status, ownership of her housing, and moderate savings account, she seems to demonstrate financial stability. The loan amount and duration also seem reasonable relative to",unknown
29,male,1,own,,moderate,2333,24,furniture/equipment," Based on the data provided, here is my credit risk analysis:

This 29 year old male has an unskilled but resident job. He owns his housing and has a moderate checking account. He is requesting a 2,333 credit amount to be paid back over 24 months for the purpose of purchasing furniture or equipment. 

Given his relatively young age, steady job, home ownership and moderate assets, I would consider him low-to-moderate credit risk. The loan amount and duration seem",unknown
30,male,3,own,little,moderate,5965,27,car," Based on the data provided, here is my credit risk analysis:

This 30 year old male has a highly skilled job and owns his housing. He has a little savings account and a moderate checking account. He is requesting a $5,965 car loan for 27 months. 

Given his highly skilled job, ownership of his housing and moderate checking account, he seems to have a reasonable financial profile. The loan amount and duration also seem reasonable given his profile. 

There are no major",good risk
25,male,2,own,little,,1262,12,radio/TV," Based on the data provided, here is my credit risk analysis:

This is a 25 year old male with a skilled job. He owns his housing. His saving account balance is categorized as little. He has requested a credit amount of 1262 for a duration of 12 months, to purchase a radio or TV. 

Given his relatively young age, steady skilled employment, home ownership and small savings account, I would characterize him as a reasonably good credit risk at the requested loan amount and duration",good risk
31,male,2,own,,,3378,18,car," Based on the limited data provided, here is my credit risk analysis:

This 31 year old male has a skilled job, owns his housing, and is seeking a 3378 credit amount for 18 months to purchase a car. His credit risk level appears moderate. A skilled job and home ownership suggest he likely has steady income to make repayments. The 18 month duration is reasonable for a car loan. 

I cannot make inferences about his saving/checking accounts or other financial context as that data",unknown
57,male,2,free,little,moderate,2225,36,car," Based on the data provided, here is my credit risk analysis:

This 57 year old male has a skilled job and lives in free housing. He has little savings but a moderate checking account. He is requesting a $2,225 car loan for 36 months. His profile presents low credit risk for the following reasons:

- Employed in a skilled job, indicating stable income to make loan payments. 

- The loan amount and duration are reasonable given his income level.",unknown
26,male,1,own,,,783,6,car," Based on the limited data provided, here is my credit risk analysis:

This 26 year old male has an unskilled but resident job. He owns his housing and is seeking a 6 month, 783 unit loan for a car purchase. His relatively short loan duration suggests he expects to repay it quickly. Home ownership also suggests some financial stability. 

Without data on his saving and checking accounts, I cannot assess his current assets and liquidity. More data would allow a fuller analysis of",unknown
52,male,3,own,,moderate,6468,12,radio/TV," Based on the data provided, here is my credit risk analysis:

This is a 52 year old male with a highly skilled job. He owns his housing. His checking account is moderate. He is requesting a 6,468 credit amount for a 12 month duration to purchase a radio/TV. 

Given that he is highly skilled and a homeowner, he likely has a steady income stream to repay the loan. The loan amount and duration are also relatively low compared to his likely income.",good risk
31,female,2,own,little,,9566,36,radio/TV," Based on the limited data provided, here is my credit risk analysis:

This 31 year old female customer works a skilled job and owns her housing. She has little savings, which indicates limited financial resources to withstand income shocks or repay debts. However, she requested a 9,566 credit amount to be repaid over 36 months, likely for purchasing a radio/TV. Without more context, it is difficult to determine if this loan amount and duration properly matches her income and expenses. Overall I",bad risk
23,female,3,own,little,rich,1961,18,car," Based on the data provided, this 23 year old highly skilled female owns her housing, has little savings but a rich checking account, took out a 1961 credit amount for 18 months to purchase a car. Her profile suggests she likely has a good income from a high skill job to afford her own housing and support a rich checking account, though does not have substantial long term savings built up yet, possibly due to her young age. The 18 month reasonable car loan for purchase purpose is well supported by her income",good risk
23,female,1,rent,little,little,6229,36,furniture/equipment," Based on the data provided, here is my credit risk analysis:

This 23 year old female has an unskilled but resident job. She is renting her housing. Her saving and checking accounts are categorized as little. She has applied for a 6,229 credit amount to be paid back over 36 month duration, with the purpose being to purchase furniture/equipment.

Given her young age, stable but low income job, little savings, and moderate credit amount compared to income and duration",unknown
27,male,2,own,little,moderate,1391,9,business," Based on the data provided, here is my credit risk analysis:

This 27 year old male has a skilled job, owns his housing, has little savings but a moderate checking account. He is requesting a 1391 credit for a business purpose over 9 months. His profile presents low to moderate risk:

Positives:
- Young borrowers tend to have higher income potential over time
- Skilled job indicates stable income 
- Owning a house suggests financial responsibility
- Having",unknown
50,male,2,own,,moderate,1537,15,radio/TV," Based on the data provided, here is my credit risk analysis:

This 50 year old male has a skilled job and owns his housing. He has a moderate checking account. He is requesting a credit amount of 1537 over a 15 month duration to purchase a radio/TV. 

Given his skilled job, ownership of housing and moderate checking account, he seems to have a reasonable financial profile. The credit amount requested is relatively low given his profile, and the duration is short term. ",good risk
61,male,3,free,little,moderate,1953,36,business," Based on the data provided, here is my credit risk analysis:

This 61 year old male has a highly skilled job and lives in free housing, indicating a relatively high socioeconomic status. With little savings but a moderate checking account, he may have capacity to take on some debt, but does not have robust reserves. He is seeking a business loan of 1953 for 36 months. Given his skills and employment stability, he could reasonably service this medium-sized loan for business purposes. However, the",unknown
25,male,2,own,little,moderate,14421,48,business," Based on the data provided, here is my credit risk analysis:

This 25 year old male has a skilled job, owns his housing, has little savings but a moderate checking account. He is requesting a 14421 credit amount for a business purpose over a 48 month duration. 

The age is reasonable for this type of credit request. Being skilled and a homeowner suggests financial responsibility. The moderate checking account indicates he actively uses banking services. The purpose being for business suggests any credit borrowed may",unknown
26,female,2,own,little,,3181,24,radio/TV," Based on the provided data, this 26 year old female has a skilled job and owns her housing. She has little savings, which could indicate limited financial resources to withstand income shocks or emergencies. However, she has taken out a relatively small 3,181 credit amount to be repaid over 24 months for the purpose of a radio or TV purchase. Overall this appears to be a reasonable credit profile - her job status and housing situation provide some financial stability, the loan amount and duration are moderate",good risk
48,male,2,own,,,5190,27,repairs," Based on the data provided, here is my credit risk analysis:

This 48 year old male customer has a skilled job, owns their housing, and is seeking a 5,190 credit amount over a 27 month duration to finance repairs. Their credit risk profile is moderately low risk for the following reasons:

- Their skilled job indicates steady income to repay the loan. 

- Homeownership suggests financial stability.

- The loan amount is relatively low given the 27 month repayment duration.",good risk
29,female,2,own,little,,2171,12,radio/TV," Based on the data provided, here is my credit risk analysis:

This is a 29 year old female with a skilled job who owns her own housing. She has little savings and has taken out a 2171 credit amount loan for a radio/TV to be repaid over 12 months. 

Given her relatively young age, steady skilled employment status and home ownership, she presents a low to moderate credit risk overall. The loan amount is small and duration is short term, which helps mitigate risk",good risk
22,male,2,own,rich,moderate,1007,12,car," Based on the data provided, here is my credit risk analysis:

This 22 year old male has a skilled job and owns his housing. He has rich saving accounts and moderate checking accounts. He is requesting a 1007 credit amount to purchase a car, with a 12 month duration. 

Given his young age, stable skilled employment, home ownership and rich savings, he seems to demonstrate financial responsibility and capability of managing credit. The moderate checking account could indicate he actively uses banking services to manage",good risk
37,male,2,free,little,,1819,36,education," Based on the data provided, here is my credit risk analysis:

This 37 year old male has a skilled job and lives in free housing. He has little savings. He is requesting a 36 month education loan for $1,819. 

Given his skilled occupation, the loan duration and amount seem reasonable for funding educational expenses. The lack of substantial savings is somewhat concerning, but overall I would rate this as a low to moderate credit risk. 

To further reduce risk, I",good risk
25,female,2,own,,,2394,36,radio/TV," Based on the limited data provided, here is my credit risk analysis:

This is a 25 year old female with a skilled job. She owns her housing and is seeking a 2,394 credit amount over a 36 month duration to purchase a radio/TV. 

The credit amount requested and duration seem reasonable given her relatively young age and steady skilled employment. Home ownership also demonstrates financial responsibility.

Without further data on her savings and checking accounts, I cannot assess her current assets and liqui",unknown
30,female,2,own,little,,8133,36,car," Based on the data provided, here is my credit risk analysis:

This 30 year old female has a skilled job and owns her housing. She has little savings, which indicates limited financial resources to withstand income disruptions. However, she has taken out an auto loan of $8,133 for 36 months, likely to purchase a car. As auto loans are secured debt, this may pose less risk than unsecured debt. With steady skilled employment, homeownership, and a reasonable loan amount an",unknown
46,male,1,rent,,,730,7,radio/TV," Based on the limited data provided, here is my credit risk analysis:

This 46 year old male has an unskilled but resident job. He is currently renting his housing. He has requested a 730 credit amount for a 7 month radio/TV loan. 

Given his unskilled job, rental housing, and the relatively short 7 month duration of the loan, there could be moderate risk in approving the full 730 credit amount. Additional data on his saving/checking accounts",unknown
51,male,3,free,little,little,1164,8,vacation/others," Based on the data provided, here is my credit risk analysis:

This 51 year old male has a highly skilled job and lives in free housing, indicating a relatively stable financial situation. His saving and checking accounts are categorized as ""little"". While this suggests limited assets, it is fairly typical for someone seeking a personal loan. 

He is requesting a credit amount of 1164 for a duration of 8 months to be used for a vacation or other personal expenses. The loan details seem reasonable given",unknown
41,female,1,own,little,moderate,5954,42,business," Based on the data provided, this 41 year old female has an unskilled but resident job, lives in her own housing, has little savings, a moderate checking account, took out a 5,954 credit amount for a business purpose over a 42 month duration. 

With little savings, her ability to weather financial hardships is limited, though the moderate checking account provides some additional stability. The credit amount and duration are quite substantial for her job profile. Overall I would characterize this as a high",unknown
40,male,3,own,,little,1977,36,education," Based on the data provided, this 40 year old highly skilled male owns his housing. With a checking account described as 'little' and seeking a 1977 credit amount over 36 month duration for an education purpose loan, my analysis suggests:

The age of 40 represents a mature adult likely with an established income source capable of managing repayment obligations. Being highly skilled implies consistent and sufficient income. As a homeowner, he has exhibited the capacity to hold financial obligations. 

A ""little"" checking account",unknown
66,male,3,free,little,little,1526,12,car," Based on the data provided, this 66 year old male has a highly skilled job and lives in free housing. He has little savings in both his saving and checking accounts. He has requested a $1,526 car loan to be paid back over 12 months. 

Given his high skill job, free housing, and relatively small loan amount compared to the loan duration, he seems like a reasonably good credit risk. The only potential concern is his minimal savings, which indicates he may not have a substantial",unknown
34,male,2,own,little,little,3965,42,radio/TV," Based on the data provided, this is a 34 year old male with a skilled job who owns his housing. He has requested a $3,965 credit line for a 42 month duration, with the purpose being listed as purchasing a radio/TV.

With little savings and checking balances, he exhibits higher credit risk. However, his skilled employment status helps offset some of that risk. The fairly large credit amount for an electronics purchase over a 3.5 year duration could indicate inability to buy the",unknown
51,male,2,own,little,moderate,4771,11,radio/TV," Based on the data provided, here is my credit risk analysis:

This 51 year old male has a skilled job and owns his housing. He has little savings but a moderate checking account balance. He is requesting a 4771 credit amount to be paid back over 11 months for the purpose of a radio/TV purchase.

Given his skilled job status and home ownership, he seems to demonstrate some financial stability. The moderate checking account provides additional support, though the small savings is a bit concerning",unknown
39,male,1,own,,,9436,54,car," Based on the limited data provided, here is my credit risk analysis:

This 39 year old male has an unskilled but resident job. He owns his housing and is seeking a 9436 credit amount over 54 month duration to purchase a car. Without data on his saving and checking account balances, I cannot reliably determine his credit risk. Additional data such as income, existing debts, and payment history would allow a more thorough evaluation. 

Some factors that point to higher risk are the un",bad risk
22,male,2,own,little,moderate,3832,30,furniture/equipment," Based on the data provided, here is my credit risk analysis:

This 22 year old male has a skilled job, owns his housing, has little money in his saving accounts, a moderate checking account balance, and is seeking a 3832 credit amount over a 30 month term to purchase furniture or equipment. His profile presents low to moderate credit risk overall. Being young with a skilled job helps mitigate risk somewhat, though the moderate checking account and small savings indicate limited financial buffers. The moderate 3800",good risk
44,female,2,own,,,5943,24,radio/TV," Based on the limited data provided, here is my credit risk analysis:

This 44 year old female has a skilled job, owns her housing, and is seeking a 5,943 credit amount over a 24 month duration to purchase a radio/TV. Her credit risk level seems moderate given her skilled employment status and ownership of her housing. Additional insights could be gained with more details on her financial account balances and payment history. I cannot make inferences on her saving or checking account balances since that data was",bad risk
47,male,2,own,quite rich,,1213,15,radio/TV," Based on the data provided, this 47 year old male has a skilled job and owns his housing. He has quite rich saving accounts and took out a 1213 credit amount loan with 15 month duration to purchase a radio/TV. Since he has a stable skilled job and owns his housing, he seems financially responsible. The quite rich saving accounts also demonstrate financial stability. While the 15 month loan duration is on the longer side, the relatively low 1213 credit amount with his other positive financial factors suggests he",unknown
24,female,1,rent,moderate,,1568,18,business," Based on the provided data, this appears to be a 24 year old female with an unskilled but resident job, living in rented housing. She has a moderate level of savings and has taken out a 1568 credit amount over an 18 month duration for a business purpose. 

As an expert in credit risk analysis, a few factors stand out to me:

- Her young age may indicate less financial stability and credit history. However, being employed is a positive sign.

-",unknown
58,female,1,own,little,little,1755,24,vacation/others," Based on the data provided, here is my credit risk analysis:

This is a 58 year old female with a resident unskilled job. She owns her housing. Her saving and checking accounts both have little funds. She has applied for a credit amount of 1755 to be paid back over 24 months. The purpose of the loan is for a vacation or other personal expenses. 

Given her stable housing situation and steady job, I would evaluate her as low to moderate credit risk despite the",unknown
52,male,1,own,little,little,2315,10,radio/TV," Based on the data provided, here is my credit risk analysis:

This 52 year old male has an unskilled but resident job. He owns his housing. His savings and checking accounts have little funds. He has requested a $2,315 credit amount to be repaid over 10 months for purchasing a radio or TV. 

Given the limited savings, his ability to repay may be questionable if he encounters loss of job or other financial difficulties. The relatively small loan amount and short duration",bad risk
29,female,3,own,little,,1412,12,business," Based on the data provided, here is my credit risk analysis:

This is a 29 year old female with a highly skilled job and owns her housing. She has little savings and requested a 1412 credit amount over 12 months for a business purpose. 

Given her young age, skilled employment status and home ownership, she presents a reasonably good credit risk profile. The credit amount and duration are also not too high relative to her profile. Her limited savings is a slight concern, but overall I",unknown
27,female,2,own,little,moderate,1295,18,furniture/equipment," Based on the data provided, here is my credit risk analysis:

This 27 year old female has a skilled job and owns her residence. She has little savings but a moderate checking account balance. She is requesting a 1,295 credit amount to be paid back over 18 months for the purpose of purchasing furniture or equipment.

Given that she is employed in a skilled position and is a homeowner, she likely has a steady income stream and financial stability. The moderate checking account balance also indicates",unknown
47,male,2,free,moderate,moderate,12612,36,education," Based on the data provided, here is my credit risk analysis:

This 47 year old male has a skilled job and lives in free housing. He has moderate savings and checking accounts. He is requesting a 12,612 credit amount to be paid back over 36 months for education purposes. 

Given that he is middle aged, employed, and has moderate savings, he seems to demonstrate financial stability and responsibility. The request is also for an education purpose rather than consumption. Combined with a reasonable 3",unknown
30,male,3,own,moderate,little,2249,18,car," Based on the data provided, here is my credit risk analysis:

This 30 year old male has a highly skilled job, owns his housing, has a moderate saving account, a little checking account, and is requesting a 2249 credit amount over 18 months to purchase a car. His profile indicates a relatively low credit risk overall:

- Age 30 suggests he is settled into a career and earning stable income.

- Highly skilled job implies reliable and likely higher income.",unknown
28,male,2,own,little,little,1108,12,repairs," Based on the data provided, here is my credit risk analysis:

This 28 year old male has a skilled job, owns his housing, has little savings and checking account balances, was approved for a 1,108 credit amount to be repaid over 12 months for the purpose of repairs. His profile presents a moderate credit risk overall. While his stable skilled employment and home ownership are positive signs, the small savings and checking accounts balances could indicate limited financial cushions. The relatively small loan amount over",unknown
56,male,2,own,little,,618,12,radio/TV," Based on the data provided, here is my credit risk analysis:

This 56 year old male has a skilled job and owns his housing. He has little savings and is requesting a 618 credit amount for 12 months to purchase a radio/TV. His limited savings could indicate a higher risk if he were unable to repay the loan, however his stable skilled employment helps mitigate some of that risk. Given the relatively small loan amount and short duration, combined with his steady job, I would evaluate him",unknown
54,male,2,own,little,little,1409,12,car," Based on the data provided, here is my credit risk analysis:

This 54 year old male customer has a skilled job, owns his housing, has little money in his saving and checking accounts, and is requesting a $1,409 car loan for 12 months. His profile indicates a moderately low credit risk overall:

Positives:
- Steady skilled job provides regular income to repay the loan. 
- Owning his housing shows financial responsibility.

Negatives: ",unknown
33,female,1,own,,,797,12,radio/TV," Based on the limited data provided, here is my credit risk analysis:

This 33 year old female has an unskilled but resident job, lives in her own house, and is seeking a 797 credit amount over 12 months to purchase a radio/TV. Her credit risk seems moderate given her steady if unskilled job and owned residence. However, without further insight into her saving and checking account balances, I cannot fully assess her ability to repay the loan. Additional data on her current",unknown
20,male,2,rent,,rich,3617,24,furniture/equipment," Based on the data provided, here is my credit risk analysis:

This is a 20 year old male with a skilled job. He is currently renting his housing. He has a rich checking account. The credit amount requested is 3617 for a 24 month duration, to purchase furniture/equipment.

Given the data, this appears to be a relatively low credit risk. The borrower is young but has a stable skilled job. The checking account balance being categorized as rich suggests responsible financial",unknown
54,male,2,own,rich,moderate,1318,12,car," Based on the data provided, here is my credit risk analysis:

This 54 year old male has a skilled job and owns his housing. He has a rich saving account and a moderate checking account. He is requesting a $1,318 car loan for 12 months. Given his stable skilled employment, ownership of housing, and ample savings, he represents a low credit risk if the loan is approved. The loan amount and duration seem reasonable given the data provided.",good risk
58,male,2,rent,little,moderate,15945,54,business," Based on the data provided, here is my credit risk analysis:

The client is a 58 year old male with a skilled job. He is currently renting his housing. He has little savings and a moderate checking account balance. He is requesting a 15,945 credit amount for a business purpose, with a 54 month duration.

Some insights into credit risk:
- The client's age and skilled job status suggest he has a reasonable income and career stability. This helps mitigate risk.",unknown
61,female,2,own,,,2012,12,education," Based on the limited data provided, here is my credit risk analysis:

This is a 61 year old female with a skilled job. She owns her housing. She has taken out a 2012 credit amount loan with a duration of 12 months for education purposes. With her skilled job and owned housing, she seems to have a reasonably stable financial profile. A 12 month education loan of 2012 is a moderate amount for her profile. Without further data, the credit risk seems acceptable.

I've avoide",unknown
34,male,2,own,moderate,moderate,2622,18,business," Based on the data provided, this is a 34 year old male with a skilled job who owns his housing. He has moderate savings and checking accounts, and has taken out a 2622 credit amount loan with an 18 month duration for business purposes. 

As he is skilled and a homeowner, he seems reasonably financially stable. The moderate savings and checking accounts indicate a decent financial cushion. The credit amount and duration seem in line with a business loan for someone of his profile.

Given his",unknown
36,male,2,own,little,moderate,2337,36,radio/TV," Based on the data provided, here is my credit risk analysis:

This 36 year old male has a skilled job and owns his housing. He has little savings but a moderate checking account. He is requesting a 2,337 credit amount to be paid back over 36 month duration, for the purpose of a radio/TV purchase.

Given his skilled employment, ownership of housing, and moderate checking account activity, he seems to demonstrate some financial stability. The requested loan amount and duration are also",unknown
36,male,3,rent,,moderate,7057,20,car," Based on the data provided, here is my credit risk analysis:

This 36 year old male has a highly skilled job, rents his housing, and has a moderate checking account. He is requesting a 7,057 credit amount over a 20 month duration to purchase a car. 

Given his highly skilled job, the 20 month reasonable loan duration to buy a car, and his moderate checking account, I would evaluate him to be a low to moderate credit risk. The credit amount is also reasonable",good risk
41,male,1,rent,moderate,,1469,24,car," Based on the provided data, here is my credit risk analysis:

This 41 year old male has an unskilled but resident job. He is currently renting his housing. With a moderate level of savings, he has applied for a $1,469 car loan to be repaid over 24 months. 

Given his stable residency and employment along with a reasonable loan purpose and duration, I would assess him as a low to moderate credit risk despite his unskilled job role.",good risk
24,male,2,rent,little,moderate,2323,36,radio/TV," Based on the data provided, here is my credit risk analysis:

This 24 year old male has a skilled job and is currently renting his housing. He has little savings but a moderate checking account balance. He has requested a 2323 credit amount to be paid back over 36 months for the purpose of a radio/TV purchase. 

Given his relatively young age, skilled job status, moderate checking account, and reasonable credit amount requested for a durable good, I would rate him as a",unknown
24,female,2,own,little,,932,6,radio/TV," Based on the data provided, here is my credit risk analysis:

The applicant is a 24 year old female with a skilled job. She owns her housing. She has little savings in her savings account. She has applied for a 932 credit amount to purchase a radio/TV, with a 6 month duration.

Given her young age, steady skilled employment, home ownership and small savings account, she presents a low to moderate credit risk. The loan amount is relatively small compared to her",unknown
35,male,2,rent,little,moderate,1919,9,furniture/equipment," Based on the data provided, here is my credit risk analysis:

This 35 year old male has a skilled job and is currently renting his housing. He has little savings and a moderate checking account. He is requesting a 1,919 credit amount to be paid back over 9 months for the purpose of purchasing furniture or equipment.

Given his skilled employment, moderate liquid assets, relatively low credit amount compared to income level, and short repayment duration, I would assess him as low-to",bad risk
26,male,2,rent,,,2445,12,car," Based on the limited data provided, here is my credit risk analysis:

This 26 year old male has a skilled job, rents his housing, and is seeking a $2,445 auto loan for 12 months. His credit risk level appears moderate given his skilled employment status and the relatively small loan amount and duration. However, having no insight into his saving/checking account balances prevents a fuller financial profile. Overall I would recommend further inquiry into his income streams and outstanding debts before approving the loan.",unknown
39,male,3,own,little,moderate,11938,24,vacation/others," Based on the data provided, this is a 39 year old male with a highly skilled job who owns his housing. He has requested a $11,938 loan for a duration of 24 months to be used for a vacation or other personal expenses. 

Given his profile, I would expect him to have a moderate risk level. The positive factors are his highly skilled job, home ownership, and moderate checking account activity. The loan amount and duration are reasonable. The only slight concern is his limited savings",unknown
39,male,3,own,little,,6458,18,car," Based on the provided personal data, I can offer the following credit risk analysis:

This is a 39 year old male with a highly skilled job. He owns his housing. His saving account balance is relatively small, indicating limited assets. He is requesting a 6,458 credit amount to purchase a car, to be repaid over 18 months.

Given his skilled employment, home ownership and moderate loan details, he seems like a reasonable credit risk. The limited savings is somewhat concerning and increases",unknown
32,male,2,own,little,moderate,6078,12,car," Based on the data provided, this is a 32 year old male with a skilled job who owns his housing. He has requested a $6,078 car loan for 12 months. Given his moderate checking account and little savings account balances, I would recommend approving the loan but keeping the duration to 12 months as requested to minimize risk. The loan purpose seems reasonable given his job status and age. Overall I view this as a moderate credit risk that is worth approving based on the data available.",unknown
30,female,2,own,,little,7721,24,furniture/equipment," Based on the data provided, here is my credit risk analysis:

The applicant is a 30 year old female with a skilled job. She owns her housing. She has a little checking account. She is requesting a credit amount of 7721 for a duration of 24 months to purchase furniture/equipment.

Some positive factors regarding her creditworthiness:
- She is employed in a skilled job, which indicates a decent and stable income.
- She owns her housing, demonstrating financial responsibility",unknown
35,male,2,own,quite rich,moderate,1410,14,business," Based on the data provided, here is my credit risk analysis:

This 35 year old male has a skilled job, owns his housing, has quite rich saving accounts, moderate checking account usage, has requested a 1410 credit amount for a 14 month business loan. 

Given his skilled job, home ownership, and substantial savings, he appears financially stable enough to manage this business loan. The moderate checking account suggests he lives within his means. The loan duration is relatively short term and amount is",unknown
31,male,2,own,moderate,moderate,1449,6,business," Based on the data provided, here is my credit risk analysis:

This 31 year old male has a skilled job, owns his housing, has moderate saving and checking accounts, and is requesting a 1449 credit amount for a 6 month business loan. His profile indicates a reasonable credit risk. As a skilled worker who owns his residence, he likely has a steady income stream to pay back the relatively small business loan within 6 months. The moderate saving and checking accounts also demonstrate some financial stability. I",good risk
23,female,2,rent,little,rich,392,15,education," Based on the data provided, here is my credit risk analysis:

This is a 23 year old female with a skilled job who is renting her housing. She has little savings but a rich checking account. She is requesting a 392 credit for 15 months to pay for education. 

Given her young age, skilled job status, and rich checking account, she seems to have a reasonable financial profile. The credit amount requested is also not high relative to her checking account balances. The purpose",unknown
28,male,1,rent,little,moderate,6260,18,car," Based on the data provided, here is my credit risk analysis:

This 28 year old male has an unskilled but resident job. He is currently renting his housing. His saving accounts are categorized as little and his checking account is moderate. He has applied for a $6,260 auto loan with an 18 month duration.

Given his relatively young age and steady job, he may have reasonable financial stability to repay this medium-sized, short-term loan. However, his",unknown
25,female,2,own,little,,7855,36,car," Based on the data provided, here is my credit risk analysis:

The applicant is a 25 year old female with a skilled job. She owns her housing. Her savings account balance is relatively low. She has applied for a 36 month $7,855 auto loan.

Given her young age, steady skilled employment, and ownership of her housing, she seems to demonstrate financial stability conducive to managing this amount of debt. The loan amount and duration are also reasonable for an auto purchase",good risk
35,male,2,own,quite rich,little,1680,12,radio/TV," Based on the data provided, here is my credit risk analysis:

This 35 year old male has a skilled job and owns his housing. He has quite rich saving accounts but little funds in his checking account. He is requesting a 1,680 credit amount to be paid back over 12 months for the purpose of a radio/TV purchase. 

Given his stable skilled employment, home ownership, and substantial savings, he presents a low credit risk despite the limited funds in his checking account. The",good risk
47,male,2,own,,,3578,48,radio/TV," Based on the limited data provided, here is my credit risk analysis:

This 47 year old male customer has a skilled job, owns his housing, and is seeking a 3,578 credit amount over a 48 month duration to purchase a radio/TV. His credit risk profile is fairly low given his skilled employment status and ability to make regular housing payments as a homeowner. Without additional details on his saving and checking account statuses I cannot assess if he has solid liquidity or cash buffers, but",unknown
30,female,3,own,,little,7174,42,radio/TV," Based on the data provided, here is my credit risk analysis:

This is a 30 year old female with a highly skilled job. She owns her housing. She has a little checking account. She is requesting a 7174 credit amount for a 42 month loan for the purpose of buying a radio/TV. 

Given her relatively young age, highly skilled job status, home ownership and small checking account balance, she is likely to represent a low to moderate credit risk. The credit amount an",unknown
27,female,2,rent,,little,2132,10,furniture/equipment," Based on the data provided, here is my credit risk analysis:

This 27 year old female has a skilled job and is currently renting her housing. She has a little checking account and has applied for a $2,132 credit with a 10 month duration to purchase furniture/equipment. 

Given that she is employed in a skilled position, she likely has a steady income stream to pay back the relatively small loan amount within the 10 month timeframe. The purpose of the loan for furniture/",good risk
23,female,2,own,quite rich,little,4281,33,furniture/equipment," Based on the provided data, this 23 year old female has a skilled job and owns her housing. She has quite rich saving accounts and a little checking account. She was approved for a 4281 credit amount over a 33 month duration to purchase furniture/equipment. Given her stable skilled employment, moderate income levels evidenced by her savings, checking activity and home ownership, she seems to present reasonable creditworthiness for the loan purpose and terms, subject to review of her credit history and obligations. The key consideration",good risk
36,male,3,own,quite rich,moderate,2366,12,car," Based on the data provided, this 36 year old highly skilled male has an excellent financial profile for loan consideration. Specifically:

- He owns his housing, indicating financial stability. 

- His saving accounts are categorized as ""quite rich"", meaning he likely has significant funds set aside, also demonstrating responsible financial management.

- A moderate checking account aligns with responsible spending and budgeting habits.

- The $2,366 credit amount and 12 month duration suggest a reasonable automobile loan",good risk
25,female,2,own,little,little,1835,21,radio/TV," Based on the data provided, here is my credit risk analysis:

This is a 25 year old female with a skilled job and owns her housing. She has little savings in both her saving and checking accounts. She is requesting a 1835 credit amount to be paid back over 21 months for the purpose of buying a radio/TV. 

Given her relatively young age, steady skilled employment, and ownership of her housing, she seems to demonstrate some financial stability. The requested loan amount and duration",unknown
41,female,3,rent,little,,3868,24,car," Based on the provided data, this 41 year old highly skilled female has a relatively low amount of savings, as her saving accounts are categorized as 'little'. However, she has taken out a 3868 credit amount loan with a 24 month duration for the purpose of purchasing a car. Given her skilled job status, decent credit amount within her budget, and moderate 2 year loan duration, I would assess she poses a low to moderate credit risk. Factors in her favor are her highly skilled job and moderate",unknown
24,male,1,rent,little,,1768,12,furniture/equipment," Based on the data provided, here is my credit risk analysis:

This is a 24 year old male with an unskilled but resident job. He is currently renting his housing. His saving accounts are categorized as little. He has applied for a credit amount of 1768 for a duration of 12 months to purchase furniture/equipment. 

Given his young age, steady job and small saving accounts, I would evaluate him to be a moderate credit risk. The loan amount and duration seem",unknown
63,male,2,free,little,rich,781,10,car," Based on the data provided, here is my credit risk analysis:

This 63 year old male has a skilled job and lives in free housing. He has little savings but a rich checking account. He is requesting a 781 credit for 10 months to purchase a car. 

Given his skilled employment, free housing, and rich checking account balance, he seems to have a reasonable financial profile. The moderate credit amount and duration also seem sensible given his profile. I would rate him as a moderate",unknown
27,female,2,rent,,moderate,1924,18,furniture/equipment," Based on the data provided, here is my credit risk analysis:

This is a 27 year old female with a skilled job who is renting her housing. She has a moderate checking account and has requested a $1,924 loan with an 18 month duration to purchase furniture or equipment. 

Given her relatively young age, skilled job status and moderate checking account, she seems to demonstrate a reasonable financial profile. The loan amount and duration also appear reasonable given her profile. I would categorize",unknown
30,male,2,own,little,little,2121,12,car," Based on the data provided, here is my credit risk analysis:

This 30 year old male has a skilled job and owns his housing. He has little money in his saving and checking accounts. He is requesting a $2,121 car loan for 12 months. Given his stable skilled employment, home ownership, and relatively small loan amount compared to the loan duration, I would assess him as low credit risk. The loan amount is reasonable for a used car purchase and should be manageable for someone",good risk
40,male,1,own,little,little,701,12,radio/TV," Based on the data provided, here is my credit risk analysis:

This 40 year old male has an unskilled but resident job. He owns his housing. His limited savings and checking accounts suggest he has low liquid assets. He is requesting a moderate $701 credit line for 12 months, to purchase a radio or TV. 

Given his stable residency and job, and reasonable loan parameters like modest amount and duration, I would rate him as medium credit risk. The loan seems affordable",good risk
30,male,2,own,little,moderate,639,12,repairs," Based on the data provided, here is my credit risk analysis:

This 30 year old male has a skilled job and owns his housing. He has little savings but a moderate checking account. He is requesting a 639 credit for 12 month duration in order to finance repairs. 

Given his skilled job, ownership of housing and moderate checking account, he seems to have a reasonable financial profile. The credit amount requested is relatively small given his profile, and the duration is short term. The purpose",good risk
34,male,3,own,little,moderate,1860,12,car," Based on the data provided, here is my credit risk analysis:

This 34 year old male has a highly skilled job, owns his housing, has little savings but a moderate checking account, and is requesting a 1860 credit amount for 12 months to purchase a car. His profile indicates a relatively low credit risk overall:

- Age and job skills imply career and earnings stability. Highly skilled roles tend to have higher incomes as well as job security. 

- Owning his housing suggests",unknown
29,female,2,own,little,little,3499,12,car," Based on the data provided, here is my credit risk analysis:

This is a 29 year old female with a skilled job and owns her residence. She has little savings in both checking and savings accounts. She is requesting a $3,499 car loan for 12 months. 

Given her relatively young age, steady skilled employment, home ownership and small loan amount compared to income level, I would classify her as low credit risk. The loan duration is short and for a viable purpose. While",good risk
24,female,2,own,,moderate,8487,48,car," Based on the data provided, here is my credit risk analysis:

This 24 year old female has a skilled job and owns her housing. She has a moderate checking account. She is requesting an 8487 credit amount for a 48 month car loan.

Given her relatively young age, steady skilled employment status, and ownership of her housing, she seems to demonstrate financial stability appropriate for the loan purpose and terms. The moderate checking account aligns with and does not raise any concerns related to her",good risk
29,male,2,own,little,little,6887,36,education," Based on the data provided, here is my credit risk analysis:

This 29 year old male has a skilled job, owns his housing, has little savings and checking account balances, and is seeking a 6,887 credit amount over a 36 month duration to finance an education. His profile presents low to moderate credit risk due to the following factors:

- Young borrowers with skilled jobs tend to have decent income potential to repay loans.

- Homeowners usually have more financial stability than",unknown
27,male,1,own,little,,2708,15,furniture/equipment," Based on the data provided, here is my credit risk analysis:

This 27 year old male has an unskilled but resident job. He owns his housing and has a little savings account. He is requesting a 2,708 credit amount over a 15 month duration to purchase furniture/equipment. 

My assessment is that he poses a moderate credit risk. Positively, he has a job and housing which provides some financial stability. The loan amount and duration are also relatively low. Neg",unknown
47,male,2,free,little,,1984,18,furniture/equipment," Based on the data provided, here is my credit risk analysis:

This 47 year old male has a skilled job and lives in free housing, indicating a moderately stable financial situation. His limited savings account suggests he has limited funds set aside, which could make repaying a loan more difficult if he encounters financial hardship. He is seeking a moderately sized 1,984 credit line for 18 months to purchase furniture or equipment. Given his skilled employment, the loan size and duration seem reasonable for the stated purpose",unknown
21,female,2,own,moderate,,10144,60,radio/TV," Based on the data provided, here is my credit risk analysis:

This 21 year old female has a skilled job and owns her housing. She has a moderate level of savings. She is requesting a 10144 credit amount to be paid back over 60 month duration, to purchase a radio/TV. 

Given her relatively young age, steady skilled employment, home ownership and moderate savings, she seems to demonstrate financial stability suitable for this mid-sized loan. The 60 month duration is also reasonable",good risk
38,female,2,own,,,1240,12,radio/TV," Based on the limited data provided, here is my credit risk analysis:

This is a 38 year old female with a skilled job who owns her own housing. She is requesting a 1,240 credit amount for a 12 month duration, with the purpose being to purchase a radio/TV. 

Given that she has a stable skilled job and owns her housing, she seems to represent a reasonable credit risk. The loan amount and duration is relatively low/short, and the purpose seems reasonable.",good risk
27,male,2,own,rich,,8613,27,car," Based on the data provided, here is my credit risk analysis:

This 27 year old male has a skilled job and owns his housing. He has a rich saving account, indicating good financial habits. He is requesting an 8613 credit amount to purchase a car, to be paid back over 27 months. 

Given his stable employment, ownership of housing, and strong saving habits, he presents a low credit risk. The loan amount and duration seem reasonable given his profile. I would recommend approving",good risk
66,male,1,own,quite rich,moderate,766,12,radio/TV," Based on the data provided, here is my credit risk analysis:

This 66 year old male has an unskilled but resident job. He owns his house and has quite rich saving accounts and moderate checking accounts. He is requesting a 766 credit for a 12 month radio/TV purchase. 

Given his age, ownership of a house, and substantial savings, he seems to have a good financial profile. The loan amount and duration are also relatively low. The purpose does not raise any",good risk
35,male,2,own,,moderate,2728,15,radio/TV," Based on the data provided, this 35 year old male has a skilled job and owns his housing. He has a moderate checking account and took out a 2728 credit amount over a 15 month duration to purchase a radio/TV. 

His skilled job status and home ownership suggest a reasonable financial foundation to manage this credit amount. The 15 month duration is relatively short term. The purpose being a home electronics purchase is fairly common. And a moderate checking account aligns with responsible spending and saving habits.",good risk
44,female,1,rent,little,rich,1881,12,radio/TV," Based on the provided data, this 44 year old female has an unskilled but resident job, rents her housing, has little savings but a rich checking account, took out a 1881 credit for a 12 month loan to purchase a radio/TV. Her rich checking account indicates consistent income to make regular deposits. The little savings could suggest she lives paycheck to paycheck despite steady work. The relatively small loan amount for a short durationhints she borrowsonly what she can manage to pay back.",good risk
27,male,0,own,rich,rich,709,6,car," Based on the data provided, here is my credit risk analysis:

This 27 year old male has an unskilled and non-resident job. He owns his housing. He has rich saving and checking accounts. He is requesting a 709 credit amount for a car, with a 6 month duration.

Given his relatively young age, stable housing ownership, and substantial saving and checking balances, he seems to demonstrate financial responsibility necessary to manage and repay the requested loan. The loan amount an",good risk
30,female,3,own,little,moderate,4795,36,radio/TV," Based on the data provided, here is my credit risk analysis:

This is a 30 year old female with a highly skilled job who owns her own housing. She has a little savings account and a moderate checking account. She is requesting a 4795 credit amount for a 36 month duration to purchase a radio/TV. 

Given her relatively young age, skilled job status, home ownership, moderate liquid assets, reasonable loan amount, and short repayment term, I would assess her as low credit",good risk
27,male,3,own,little,little,3416,27,radio/TV," Based on the data provided, this is a 27 year old male with a highly skilled job who owns his housing. He has requested a $3,416 loan with a 27 month duration to purchase a radio or TV. Given his highly skilled job, ownership of housing, and relatively small loan request compared to his likely income, he presents a low credit risk. The duration of 27 months is reasonable for this type of consumer purchase. Having little money in his savings and checking accounts should be monitored, but",good risk
22,male,2,own,little,little,2462,18,furniture/equipment," Based on the data provided, here is my credit risk analysis:

This 22 year old male has a skilled job and owns his housing. He has little savings in both his saving and checking accounts. He is requesting a $2,462 credit line for a 18 month term to purchase furniture or equipment. His limited savings accounts would indicate he has limited financial resources to handle financial shocks or repay debts. However, his skilled job status and housing ownership provide some financial stability. The relatively low credit",unknown
23,female,2,own,little,,2288,21,furniture/equipment," Based on the data provided, this is a 23 year old female with a skilled job who owns her own housing. She has little savings and took out a 2288 credit amount over a 21 month duration to purchase furniture/equipment. 

With little savings, she may pose a moderate credit risk depending on her income from her skilled job. The moderate credit amount and duration suggest she is borrowing within her means.

Overall I would rate her as a moderate credit risk. Monitoring her payment history over",unknown
30,male,2,own,moderate,moderate,3566,48,business," Based on the data provided, here is my credit risk analysis:

The applicant is a 30 year old male with a skilled job. He owns his housing. He has moderate savings and checking account balances. He is requesting a 3,566 credit amount to be paid back over 48 months for business purposes.

Given the applicant's stable skilled employment, ownership of housing, moderate savings and income, reasonable loan amount and duration, and business loan purpose, he presents a low to moderate credit risk",good risk
39,female,2,own,little,little,860,6,car," Based on the data provided, here is my credit risk analysis:

The applicant is a 39 year old female with a skilled job. She owns her housing. Her credit amount requested is 860 for a 6 month car loan. 

Regarding her finances, she has little money in both her saving and checking accounts. Having small saving and checking balances could indicate she lives paycheck to paycheck. This may present a slight risk in her ability to repay if her income was disrupted.",unknown
51,female,2,own,moderate,,682,12,car," Based on the data provided, here is my credit risk analysis:

This 51 year old female has a skilled job and owns her housing. She has a moderate level of savings. She is requesting a 682 credit amount for a 12 month car loan. 

Given that she is employed, a homeowner, and has some savings, she seems to demonstrate financial stability. The credit amount requested and duration of the loan seem reasonable for purchasing a car. I would evaluate her as low-to",unknown
28,male,2,own,little,little,5371,36,furniture/equipment," Based on the data provided, here is my credit risk analysis:

This 28 year old male has a skilled job, owns his housing, has little savings and checking account balances, and is seeking a 36 month, $5,371 loan to purchase furniture or equipment. His limited savings and checking accounts indicate he has little financial cushion, which could make him higher risk if he encounters financial difficulties repaying the loan. However, his skilled job status and housing ownership suggest some financial stability. The 36",unknown
46,male,2,own,rich,,1582,18,radio/TV," Based on the data provided, here is my credit risk analysis:

This 46 year old male customer has a skilled job, owns his housing, and has a rich saving account. He is requesting a credit amount of 1582 for a duration of 18 months to purchase a radio/TV. His profile indicates he likely has a steady income and significant financial assets to make regular payments on a loan of this amount and duration. The purpose of the loan is for a consumer durable good rather than a risky",good risk
42,male,2,free,moderate,,1346,6,radio/TV," Based on the data provided, this 42 year old male has a skilled job and lives in free housing. He has a moderate level of savings, which indicates a reasonable financial cushion, though more details would be needed to fully assess his overall assets. He has taken out a relatively small consumer loan of $1,346 for a radio or TV over a 6 month term. His credit profile suggests he poses a low-to-moderate default risk based on his job, savings level, modest loan amount compare",unknown
38,male,2,own,little,,1924,10,radio/TV," Based on the data provided, here is my credit risk analysis:

This 38 year old male has a skilled job and owns his housing. He has little savings and requested a 1924 credit amount to be paid back over 10 months for the purpose of a radio/TV purchase. His limited savings could indicate that he lives paycheck to paycheck without much excess income. A 10 month Duration for a nearly 2000 credit amount signals he may struggle to repay on time with his current income stream. Overall I",bad risk
24,male,2,own,little,rich,5848,36,radio/TV," Based on the data provided, here is my credit risk analysis:

This 24 year old male has a skilled job and owns his housing. He has little savings but a rich checking account. He is requesting a 5848 credit amount to be paid back over 36 months for the purpose of a radio/TV purchase. 

Given his skilled job, ownership of his housing and rich checking account balance, he seems to demonstrate financial stability necessary to manage repayment of the requested loan amount within the 36 month",unknown
29,female,2,rent,rich,moderate,7758,24,car," Based on the data provided, here is my credit risk analysis:

This 29 year old female has a skilled job and is currently renting her housing. She has a rich saving account and a moderate checking account. She has applied for a $7,758 car loan with a 24 month duration. 

Given that she is skilled, has sizeable savings, moderate checking activity, and reasonable loan details for a car purchase, I would rate her as low credit risk. The loan amount an",good risk
36,male,3,rent,moderate,moderate,6967,24,business," Based on the data provided, here is my credit risk analysis:

This 36 year old male has a highly skilled job, rents his housing, has moderate saving and checking accounts, and is requesting a 6,967 credit amount for a 24 month business loan. His profile presents low to moderate credit risk for the following reasons:

- Highly skilled employment is associated with higher and more stable income, making them better positioned to repay debts.

- The moderate savings and checking accounts suggest",unknown
20,female,2,rent,little,little,1282,12,furniture/equipment," Based on the data provided, here is my credit risk analysis:

The applicant is a 20 year old female with a skilled job. She is currently renting her housing. She has little savings in her saving accounts as well as her checking account. She has applied for a relatively small credit amount of $1282 to be paid back over 12 months. The purpose of the loan is to purchase furniture or equipment.

As a skilled young worker with steady housing, she presents a low-",bad risk
48,male,2,own,moderate,little,1288,9,repairs," Based on the data provided, here is my credit risk analysis:

This 48 year old male customer has a skilled job, owns his housing, has a moderate saving account, and a little checking account. He is requesting a 1288 credit amount for 9 month duration in order to finance repairs. 

Given that he is middle aged, employed, and a homeowner, he likely has a reasonable financial foundation. The moderate savings suggests he has some financial discipline. The small checking account is less",good risk
45,male,1,own,little,little,339,12,education," Based on the data provided, here is my credit risk analysis:

This 45 year old male has an unskilled but resident job. He owns his house and has little savings in both his saving and checking accounts. He is requesting a 339 credit amount to be paid back over 12 months for education purposes. 

Given his relatively low income job but ownership of a house, he likely has some financial stability but limited discretionary income. The small loan amount over a short duration for education is",unknown
38,male,2,own,moderate,moderate,3512,24,car," Based on the data provided, here is my credit risk analysis:

This 38 year old male has a skilled job, owns his housing, has moderate saving and checking account balances, and is seeking a $3,512 auto loan for 24 months. His profile presents low to moderate credit risk. His skilled employment and moderate savings suggest he has the means to repay the loan. The loan amount and duration are reasonable for an auto purchase. Additional data on his income, existing debt obligations, and credit",good risk
34,male,1,own,,,1898,6,radio/TV," Based on the limited data provided, here is my credit risk analysis:

This 34 year old male has an unskilled but resident job. He owns his housing and is seeking a relatively small 1898 credit amount over 6 months to purchase a radio/TV. His credit risk seems low given the small loan amount and duration along with steady resident employment and owned housing. However, without data on his saving and checking account balances, I cannot fully assess his overall financial situation and creditworthiness. Still",good risk
36,male,2,own,moderate,,2872,24,radio/TV," Based on the data provided, here is my credit risk analysis:

This 36 year old male has a skilled job and owns his housing. He has a moderate saving account, indicating a reasonable financial cushion, which is a positive sign when considering credit risk. He is requesting a 2,872 credit amount to be paid back over 24 months, likely to purchase a radio or TV. Theloan duration is relatively short and the credit amount is moderate compared to his income level.

Overall,",unknown
30,female,2,own,little,,1055,18,car," Based on the data provided, this appears to be a 30 year old female with a skilled job who owns her own housing. She has little savings and took out a 1055 credit amount loan with an 18 month duration to purchase a car. 

As she is skilled and a homeowner, she seems reasonably financially stable. The 18 month loan duration is not too long, suggesting she expects to pay it back in a reasonable timeline. The 1055 credit amount is also relatively low compared to her likely",unknown
36,male,2,own,quite rich,,1262,15,domestic appliances," Based on the data provided, here is my credit risk analysis:

This 36 year old male has a skilled job and owns his housing. He has quite rich saving accounts. He is requesting a credit amount of 1262 for a duration of 15 months to purchase domestic appliances. 

Given his stable skilled employment, home ownership, and substantial savings, he presents a low credit risk. The loan amount and duration seem reasonable for his profile to purchase the stated purpose without overextending his finances.",good risk
70,male,3,free,little,moderate,7308,10,car," Based on the data provided, here is my credit risk analysis:

This 70 year old male has a highly skilled job and lives in free housing, suggesting he is likely financially stable. His moderate checking account and little savings account indicate he has some financial resources, although they are limited. He is requesting a 7,308 credit amount to purchase a car, to be paid back over 10 months. 

Given his age, stable housing, and skilled employment, he presents low to moderate credit risk",unknown
36,male,2,own,quite rich,,909,36,car," Based on the data provided, here is my credit risk analysis:

This 36 year old male has a skilled job and owns his housing. He has quite rich saving accounts, indicating he likely has significant financial assets to draw from if needed. He is requesting a 909 unit credit amount to be paid back over 36 month duration, to purchase a car. 

Given his skilled employment, ownership of housing, and substantial savings, he presents a low credit risk. The loan amount and duration is",good risk
32,male,2,own,quite rich,,2978,6,furniture/equipment," Based on the data provided, this 32 year old male has a skilled job and owns his housing. He has quite rich saving accounts and took out a 2,978 credit amount loan for a duration of 6 months to purchase furniture/equipment. 

As he is skilled and a homeowner, he likely has a steady income stream. The quite rich saving accounts also demonstrate financial discipline. The 6 month loan duration and stated purpose of using the borrowed money for furniture/equipment purchases seem reasonable. ",good risk
33,female,2,own,little,little,1131,18,furniture/equipment," Based on the data provided, this 33 year old female has a skilled job and owns her housing. She has both little savings and a basic checking account. She is seeking a medium sized $1,131 loan for a 18 month term, to purchase furniture or equipment. 

With her stable skilled employment and ownership of her residence, she presents a low-moderate credit risk despite having limited savings and banking history. The medium loan amount over a 18 month duration for a sensible purpose does not raise any",good risk
20,female,2,own,rich,moderate,1577,11,furniture/equipment," Based on the data provided, here is my credit risk analysis:

This is a 20 year old female with a skilled job and lives in her own housing. She has a rich saving account and a moderate checking account. She is requesting a 1577 credit amount for a duration of 11 months to purchase furniture/equipment. 

Overall, she seems to present a low credit risk due to the following positive factors:

- Relatively young age
- Skilled employment
- Owns",good risk
25,female,2,rent,little,,3972,24,furniture/equipment," Based on the limited data provided, here is my credit risk analysis:

This is a 25 year old female with a skilled job who is renting her housing. She has little savings and has taken out a 3,972 credit amount over a 24 month duration to purchase furniture/equipment. 

Given her relatively young age and skilled job status, she may have a reasonable ability to repay this 2 year loan. The moderated sized loan for purchasing furniture indicates some financial responsibility. While it woul",unknown
31,male,2,own,little,moderate,1935,24,business," Based on the data provided, this 31 year old male has a skilled job and owns his housing. He has a small amount in his savings account and a moderate amount in his checking account. He is requesting a 1935 credit amount for a business purpose, to be paid back over 24 months. 

As he is skilled and a homeowner, he likely has a steady income stream. The moderate checking account suggests he actively uses banking services to manage finances. His small savings shows capacity to set aside money",good risk
33,male,2,rent,little,little,950,15,car," Based on the data provided, here is my credit risk analysis:

This 33 year old male has a skilled job, rents his housing, has little savings and a little amount in his checking account. He is requesting a 950 credit amount for a 15 month car loan. 

His relatively young age, steady skilled employment, and moderate loan details suggest a reasonable level of creditworthiness. The limited savings and checking accounts merit caution, but overall this appears to be a reasonable loan request for",unknown
26,female,2,own,little,,763,12,furniture/equipment," Based on the provided data, this 26 year old female has a skilled job and owns her residence. She has little savings and requested a 763 credit amount over 12 month duration to purchase furniture or equipment. 

As she is young and skilled with steady housing, she may have a reasonable ability to repay this relatively small loan for necessary household items. However, her limited savings suggests she has little financial cushion. 

I cannot make definitive claims on her overall creditworthiness without analyzing trends across the",unknown
34,female,3,own,little,moderate,2064,24,furniture/equipment," Based on the data provided, here is my credit risk analysis:

This 34 year old female has a highly skilled job, owns her housing, has little money in her saving accounts, a moderate amount in her checking account, and is requesting a 2064 credit amount to be paid back over 24 months for purchasing furniture/equipment. 

Given that she is highly skilled and a homeowner, she likely has a steady income stream to pay back the loan. The moderate checking account balance also suggests",unknown
33,male,2,own,little,moderate,1414,8,radio/TV," Based on the data provided, here is my credit risk analysis:

This 33 year old male has a skilled job, owns his housing, has little savings but a moderate checking account. He is requesting a 1414 credit for 8 months to purchase a radio/TV. His profile presents low to moderate risk:

Positive factors:
- Skilled employment is reliable source of income to repay debt
- Owning a house suggests financial stability  

Cautionary factors: 
-",unknown
26,male,2,own,little,little,3414,21,education," Based on the data provided, this appears to be a 26 year old male with a skilled job who owns his housing. He has requested a 3,414 credit amount over a 21 month duration to finance an education. 

Given his age, sex, skilled job status and home ownership, he seems to demonstrate some financial stability. The presence of both a savings and checking account, although small, also indicates responsible financial behavior. 

The purpose for the loan is education, which can improve employment prospects",unknown
53,female,3,own,,,7485,30,car," Based on the data provided, here is my credit risk analysis:

The applicant is a 53 year old female with a highly skilled job. She owns her housing. She has requested a 7485 credit amount to purchase a car, with a 30 month duration.

As a highly skilled professional who owns her housing, she likely has a steady income stream and assets, suggesting she has the means to repay this loan. The moderate loan amount and duration are also reasonable for her profile. ",good risk
42,male,2,own,little,little,2577,12,furniture/equipment," Based on the data provided, this 42 year old male has a skilled job and owns his housing. He has little savings in both his saving and checking accounts. He has requested a 2,577 credit amount to be paid back over 12 months for the purpose of purchasing furniture or equipment. 

His modest savings accounts coupled with a skilled job provides a reasonable basis for this relatively small, short term loan for necessary household items. There are no signs of credit risk based on the information given.",unknown
52,male,2,own,quite rich,little,338,6,radio/TV," Based on the data provided, this 52 year old male has a skilled job and owns his housing. He has quite rich saving accounts but only a little in his checking account. He is seeking a 338 credit amount loan for a 6 month duration, with the purpose of purchasing a radio or TV. 

As he is employed in a skilled position and owns his residence, he likely has a steady income stream and assets, indicating an ability to repay loans. The quite rich saving accounts also demonstrate financial discipline",good risk
31,male,3,rent,little,,1963,12,radio/TV," Based on the data provided, here is my credit risk analysis:

This 31 year old male has a highly skilled job, rents his housing, and has little savings. He is requesting a 1963 credit amount to be paid back over 12 months for the purpose of a radio/TV purchase. His limited savings could indicate that he lives paycheck to paycheck without much financial cushion. However, his highly skilled job status suggests he likely has the income to manage this medium sized loan which will be fully",unknown
65,male,2,own,little,little,571,21,car," Based on the data provided, here is my credit risk analysis:

This 65 year old male customer has a skilled job, owns his housing, has little savings and checking account balances, and is requesting a 571 credit amount over a 21 month duration to purchase a car. His profile presents low to moderate credit risk. While his limited savings and checking accounts are a bit concerning, his skilled job status and ability to make consistent housing payments over his working career improve the risk profile. The loan amount",good risk
28,male,2,own,little,,9572,36,business," Based on the limited data provided, here is my credit risk analysis:

This 28 year old male has a skilled job, owns his housing, has little savings, and is requesting a 9572 credit amount for a 36 month business loan. His profile indicates a moderately risky credit standing - while his skilled job and housing ownership are positive signs, the relatively small amount of savings paired with a sizable loan for business purposes poses some risk. More data on his exact income, existing debts, and the business",unknown
30,male,3,own,little,moderate,4455,36,business," Based on the data provided, this 30 year old highly skilled male has an own housing situation. He has a little savings account and a moderate checking account. He has requested a 4455 credit amount for a 36 month business loan. 

With a highly skilled job, ownership housing, and moderate assets, he seems financially responsible enough to manage this medium sized 3 year business loan. The purpose being for business is reasonably sensible given his skilled profile.

As an expert in credit risk analysis, I",unknown
40,male,1,own,,little,1647,21,car," Based on the data provided, here is my credit risk analysis:

This 40 year old male has an unskilled but resident job, owns his housing, has a little checking account, and is requesting a 1647 credit amount over 21 months to purchase a car. His limited checking account indicates lower discretionary income to service debt obligations. However, the relatively small loan amount over a shorter duration loan term represents lower overall risk. His ownership of housing suggests financial responsibility. While his unskille",unknown
50,male,2,own,rich,,3777,24,furniture/equipment," Based on the data provided, here is my credit risk analysis:

This 50 year old male customer has a skilled job, owns his housing, and has a rich saving account. He is requesting a 3777 credit amount to be paid back over 24 months for the purpose of purchasing furniture/equipment. 

Given his stable skilled employment, ownership of his residence, and substantial personal savings, he presents a low credit risk. The credit amount requested is moderate compared to his savings, and will be",good risk
36,male,2,own,little,moderate,884,18,car," Based on the data provided, this 36 year old male has a skilled job and owns his housing. He has little money in his saving accounts and a moderate amount in his checking account. He is requesting a 884 credit amount for a 18 month car loan. 

As he is employed in a skilled position and owns his residence, he likely has a steady income stream and already has demonstrated responsible financial management to purchase his house. The moderate checking account balance also indicates some financial stability. The relatively small",good risk
31,male,2,own,little,,1360,15,radio/TV," Based on the data provided, here is my credit risk analysis:

This 31 year old male has a skilled job and owns his housing. He has little savings and is requesting a 136,000 credit amount to be paid back over 15 months for the purpose of a radio/TV purchase. 

Given the stable skilled job and home ownership, there is likely a moderate ability to repay this medium sized loan. The relatively short duration is also favorable. However, the limited savings reduces the margin for",unknown
74,female,3,free,little,moderate,5129,9,car," Based on the data provided, here is my credit risk analysis:

This is a 74 year old female with a highly skilled job and living in free housing. She has little savings but a moderate checking account. She is requesting a 5129 credit amount for a 9 month car loan. 

Given her advanced age, I would want to closely review her income sources to ensure she has the means to repay the loan. The moderate checking account balance is a positive sign that she actively uses and manages",unknown
68,male,0,free,little,moderate,1175,16,car," Based on the data provided, here is my credit risk analysis:

This 68 year old male has an unskilled and non-resident job status. He lives in free housing and has a little savings account and a moderate checking account. He is requesting a 1,175 credit amount for a 16 month car loan. 

Given his age, job status, and limited savings, he may present a moderate credit risk. The loan duration is relatively short and the loan purpose seems reasonable. However",unknown
20,male,2,own,moderate,little,674,12,radio/TV," Based on the data provided, here is my credit risk analysis:

This is a 20 year old male with a skilled job. He owns his housing. His saving accounts are moderate and his checking account is little. He is requesting a 674 credit amount for a 12 month duration to purchase a radio/TV.

Given his young age, steady skilled employment, home ownership, moderate savings, and small checking account balance, I would assess him as low-to-moderate credit risk if",unknown
33,female,2,own,little,moderate,3244,18,furniture/equipment," Based on the data provided, here is my credit risk analysis:

This 33 year old female has a skilled job and owns her housing. She has little savings but a moderate checking account. She is requesting a 3,244 credit amount to be paid back over 18 months for the purpose of buying furniture or equipment. 

Given that she is skilled, owns her house, and has a moderate checking account, she seems to demonstrate a reasonable financial profile. The requested loan amount and duration are also",unknown
54,male,3,own,rich,,4591,24,business," Based on the data provided, here is my credit risk analysis:

This 54 year old male has a highly skilled job, owns his housing, and has a rich saving account. He is requesting a 4,591 credit amount for a business purpose, to be paid back over 24 months. His profile indicates he likely has a good income and assets to repay the loan. The 24 month duration is a reasonable term. 

Given his skills, assets, and loan purpose, he seems like a",unknown
34,male,1,free,moderate,moderate,3844,48,business," Based on the provided data, here is my credit risk analysis:

This 34 year old male has an unskilled but resident job. He lives in free housing and has both moderate savings and checking accounts. He has applied for a 3844 credit amount to be paid back over 48 months for business purposes. 

Given his moderate savings and income stability as a resident, he presents a reasonable credit risk. The loan duration is not excessive compared to the loan amount. As the purpose is business",unknown
36,male,2,own,little,moderate,3915,27,business," Based on the data provided, here is my credit risk analysis:

This 36 year old male has a skilled job and owns his housing. He has little savings but a moderate checking account. He is requesting a 3915 credit amount for a business purpose, to be paid back over 27 months. 

Given his skilled employment, ownership of housing and moderate checking account activity, I would evaluate him to be a reasonable credit risk at the requested amount and duration despite his lower savings. The purpose being",unknown
29,male,2,rent,little,,2108,6,radio/TV," Based on the data provided, here is my credit risk analysis:

This 29 year old male has a skilled job and is currently renting his housing. He has little savings and is requesting a 2,108 credit amount to be paid back over 6 months for the purpose of a radio/TV purchase. 

Given his skilled employment status, the modest credit amount request for a reasonable purpose and duration, and his young age, I would assess him as a low-moderate credit risk. The",unknown
21,male,2,rent,moderate,moderate,3031,45,radio/TV," Based on the data provided, here is my credit risk analysis:

This 21 year old male has a skilled job and is currently renting his housing. He has moderate savings and checking accounts. He has applied for a $3,031 credit amount to be repaid over 45 months, for the stated purpose of buying a radio or TV. 

Given his relatively young age, skilled job, moderate savings and moderate checking balances, this appears to be a reasonable credit risk provided he has sufficient",unknown
34,female,3,own,little,moderate,1501,9,education," Based on the data provided, here is my credit risk analysis:

The applicant is a 34 year old female with a highly skilled job. She owns her housing. She has little savings but a moderate checking account balance. She is requesting a 1,501 credit amount to be paid back over 9 months for education purposes.

Several factors indicate a low credit risk for this applicant. Being highly skilled and owning a house suggests financial stability. The moderate checking account, despite little savings, shows capacity",good risk
28,female,2,own,little,,1382,6,radio/TV," Based on the provided data, this 28 year old female has a skilled job and owns her housing. She has little savings and was approved for a 1382 credit amount to be paid back over 6 months for the purpose of a radio or TV purchase. 

With skilled employment and home ownership, she exhibits some financial stability. The relatively small loan amount over a shorter 6 month term suggests this purchase fits reasonably within her budget. Little savings indicates limited assets to cover emergencies or loan payments if income",good risk
27,female,2,rent,moderate,moderate,951,12,furniture/equipment," Based on the data provided, here is my credit risk analysis:

This is a 27 year old female with a skilled job who is renting her housing. She has moderate savings and checking account balances. She is requesting a 951 credit amount to be paid back over 12 months for the purpose of buying furniture or equipment.

Given her relatively young age, stable skilled employment, moderate savings, moderate checking account balances, modest credit amount request and short repayment duration, she seems like a reasonably",unknown
36,male,2,free,,moderate,2760,24,car," Based on the data provided, here is my credit risk analysis:

This 36 year old male has a skilled job and lives in free housing. He has a moderate checking account and requested a 2760 credit amount over a 24 month duration to purchase a car. 

Given his skilled employment status and moderate financial account balances, he seems to demonstrate a reasonable financial profile. The loan amount and duration also appear manageable given his profile.

Overall I would rate him as a low-medium",unknown
40,male,3,own,little,moderate,4297,18,furniture/equipment," Based on the data provided, here is my credit risk analysis:

This 40 year old male has a highly skilled job, owns his housing, has little savings, a moderate checking account, and is requesting a 4,297 credit amount over an 18 month duration to purchase furniture or equipment. His profile presents low to moderate credit risk. The positive factors are his high-skilled job, housing ownership, and moderate checking account activity. The amount requested over 18 months is reasonable given his profile.",good risk
52,male,2,own,quite rich,,936,9,education," Based on the data provided, here is my credit risk analysis:

This 52 year old male has a skilled job and owns his housing. He has quite rich saving accounts. He is requesting a 936 credit amount for an education purpose, to be paid back over 9 months. 

Given that he is middle aged with a stable skilled job and housing, this indicates reasonably good financial stability. The quite rich saving accounts also demonstrate his ability to accumulate wealth over time. The credit amount requested is",unknown
27,male,1,own,little,little,1168,12,car," Based on the data provided, here is my credit risk analysis:

This 27 year old male has an unskilled but resident job. He owns his housing. His savings and checking accounts both have little funds. He has applied for a $1,168 car loan with a 12 month duration. 

Given his relatively young age, steady even if unskilled job, home ownership, and small loan request, I would rate him as a moderate credit risk. The loan amount and duration",unknown
26,male,2,own,little,,5117,27,business," Based on the data provided, here is my credit risk analysis:

This 26 year old male has a skilled job and owns his housing. He has little savings, indicating limited financial resources to draw from if he encounters difficulty repaying the loan. He is requesting a 5117 credit amount to be paid back over 27 months for business purposes. 

The moderate loan amount and duration poses a low-to-moderate risk, however the limited savings is a concern. Additional data on his income an",unknown
21,male,2,rent,little,little,902,12,education," Based on the data provided, here is my credit risk analysis:

This 21 year old male has a skilled job and is currently renting his housing. He has little money in his saving and checking accounts. He is requesting a 902 credit amount to be paid back over 12 months for education purposes. 

Given his young age and skilled job status, he may have good income potential moving forward to pay back the loan, although his current limited savings suggests he has limited assets at this point",unknown
38,male,1,own,little,,1495,12,car," Based on the data provided, here is my credit risk analysis:

This 38 year old male has an unskilled but resident job, lives in his own housing, has little savings, and is seeking a 1495 credit amount over 12 months to purchase a car. His limited savings coupled with the relatively large loan amount sought could indicate some risk, however his steady resident employment status helps mitigate that risk somewhat. Additional data on his checking account balances and credit history would allow me to provide a more",unknown
38,male,3,free,little,little,10623,30,car," Based on the data provided, here is my credit risk analysis:

This 38 year old male has a highly skilled job and lives in free housing, indicating a relatively high socioeconomic status. He has both little savings and a basic checking account. He is seeking a $10,623 auto loan for 30 months. His limited savings suggests he lives paycheck to paycheck, so this medium sized loan could be a stretch for him to repay over that duration, especially if he encounters financial difficulties.",unknown
43,male,2,own,little,,1935,12,furniture/equipment," Based on the data provided, this 43 year old male has a skilled job and owns his own housing. He has little savings, suggesting limited financial resources. He is seeking a moderate amount of credit, 1935 currency units, to be repaid over 12 months, for the purpose of purchasing furniture or equipment. 

His skilled employment status is a positive sign regarding his likely creditworthiness. However, the limited savings indicates he has little financial cushion. The relatively short 12 month duration of the requested loan",good risk
26,male,2,own,little,moderate,1424,12,domestic appliances," Based on the data provided, here is my credit risk analysis:

This 26 year old male has a skilled job and owns his housing. He has little money in his saving accounts and a moderate amount in his checking account. He is requesting a 1,424 credit amount to be paid back over 12 months for purchasing domestic appliances. 

Given his relatively young age, steady skilled employment, home ownership, and moderate checking account, I would assess him as low to moderate credit risk. The loan",unknown
21,male,1,own,little,little,6568,24,business," Based on the data provided, here is my credit risk analysis:

This 21 year old male has an unskilled but resident job. He owns his housing and has both little savings and a little checking account. He has requested a 6568 credit amount to be paid back over 24 months for a business purpose. 

Given his young age and unskilled job, he may have limited income. Owning housing is a positive factor. Having some savings and an active checking account are also",unknown
55,male,2,own,rich,,1413,12,car," Based on the data provided, here is my credit risk analysis:

This 55 year old male customer has a skilled job, owns his housing, and has a rich saving account. He is requesting a 1413 credit amount over a 12 month duration to purchase a car. His profile suggests he likely has a steady income and significant savings to pay back the loan. The moderate loan amount and duration also seem reasonable given his financial profile. I would rate him as low credit risk.",good risk
33,male,2,own,,,3074,9,radio/TV," Based on the limited data provided, here is my credit risk analysis:

This 33 year old male customer works a skilled job and owns his housing. He is seeking a 3,074 credit amount over a 9 month duration to purchase a radio/TV. His skilled employment status and home ownership suggest a reasonable financial standing to manage repayment of this credit amount for electronics. However, without further insight into his saving and checking account balances, a more detailed risk profile cannot be constructed. Additional data on his",unknown
45,female,1,own,,,3835,36,radio/TV," Based on the limited data provided for this individual, I can provide the following credit risk analysis:

This is a 45 year old female with an unskilled but resident job. She owns her housing. She has requested a credit amount of 3835 for a duration of 36 months, with the purpose being listed as the purchase of a radio/TV.

Unfortunately the key fields of saving accounts and checking account are missing, so I do not have enough data to assess her assets and liqui",unknown
50,male,2,own,little,little,5293,27,business," Based on the data provided, here is my credit risk analysis:

The applicant is a 50 year old male with a skilled job. He owns his housing. His saving and checking accounts are categorized as ""little."" He is requesting a 5293 credit amount to be paid back over 27 months for a business purpose.

Some insights into credit risk:
- The applicant's age and steady skilled job indicate stability and earning potential that may enable reliable repayment. 
- Home ownership also suggests",unknown
66,male,3,own,little,rich,1908,30,business," Based on the data provided, here is my credit risk analysis:

This 66 year old male has a highly skilled job, owns his housing, has little savings but a rich checking account, and is requesting a 1908 credit amount for a 30 month business loan. His age, job status, housing ownership and rich checking account are positives in terms of creditworthiness. The relatively small savings is a minor negative. The 30 month duration is reasonable for a business loan. 

Given the data,",bad risk
51,male,2,own,,,3342,36,radio/TV," Based on the limited data provided, here is my credit risk analysis:

This 51 year old male customer works a skilled job and owns his housing. He requested a 3342 credit amount to be paid back over 36 month duration, for the purpose of purchasing a radio/TV. His credit risk seems moderate given his skilled employment status and ownership of housing. However, without further details on his saving and checking accounts, I cannot fully assess his financial reliability or liquidity to repay the loan. Overall",unknown
39,female,1,own,,moderate,932,6,education," Based on the data provided, here is my credit risk analysis:

This is a 39 year old female with an unskilled but resident job. She owns her housing. Her checking account is moderate. She has requested a 932 credit amount to be paid back over 6 months for education purposes. 

Some positive factors regarding credit risk:
- Owns her housing which indicates financial stability
- Has a moderate checking account balance which shows responsible money management

Some negative factors:",unknown
31,male,2,own,little,little,3104,18,business," Based on the provided data, this 31 year old male has a skilled job and owns his housing. He has requested a 3,104 credit amount for a business purpose, to be paid back over 18 months. His saving and checking accounts are categorized as little, indicating limited existing assets. 

While his skilled job status is a positive, the 18 month duration and business purpose may represent higher risk than consumer lending. The limited existing assets also provide less of a buffer in case of repayment issues. ",unknown
23,male,2,own,little,rich,3913,36,radio/TV," According to the data provided, this 23 year old male has a skilled job and owns his housing. He has little savings but a rich checking account. He has taken out a 3913 credit amount loan for 36 month duration, with the purpose of purchasing a radio/TV. 

His young age may indicate less financial stability and credit history compared to an older borrower. However, his skilled job status and home ownership suggest he has good income and assets. The combination of little savings but a rich",unknown
24,male,1,rent,little,little,3021,24,furniture/equipment," Based on the data provided, this is a 24 year old male with an unskilled but resident job, who rents his housing. He has requested a 3021 credit amount over a 24 month duration to purchase furniture or equipment. 

Given his young age, unskilled job status, and rental housing, he may present a moderate credit risk. However, the fact that he has lived locally for some time (resident status) helps offset some risk. His relatively small loan amount over a short",unknown
64,female,2,own,little,,1364,10,car," Based on the data provided, here is my credit risk analysis:

This is a 64 year old female with a skilled job who owns her own housing. She has little savings and is requesting a 10 month, $1,364 car loan. Her limited savings suggests she has limited financial resources to draw from if her income is disrupted, making this a riskier loan. However, her skilled job status and the fact that she owns her housing provide some financial stability. The 10 month duration and relatively",unknown
26,male,1,own,little,moderate,625,12,radio/TV," Based on the data provided, here is my credit risk analysis:

This 26 year old male has an unskilled but resident job. He owns his housing. He has little savings but a moderate checking account balance. He is requesting a 625 credit amount for a 12 month duration, with the purpose being for a radio or TV purchase.

Given his relatively young age, stable residency and job, moderate checking account balances, and small loan request for a reasonable duration, I woul",unknown
23,female,2,rent,,little,1200,12,education," Based on the data provided, here is my credit risk analysis:

This 23 year old female has a skilled job and is renting her housing. She has a little checking account and has requested a 1200 credit amount to be paid back over 12 months for education purposes. 

Given that she is young but has a stable skilled job, her credit risk seems reasonable. The loan amount and duration are also relatively small. Her limited checking account raises some concerns about her current financial situation, but overall",unknown
30,male,2,own,little,,707,12,radio/TV," Based on the data provided, here is my credit risk analysis:

This 30 year old male has a skilled job and owns his housing. He has little money in his saving accounts. He is requesting a 707 credit amount to be paid back over 12 months for the purpose of a radio/TV purchase. 

Given his skilled job, ownership of housing and the relatively small loan amount compared to the duration, I would assess him as a low to moderate credit risk. The purpose being for",unknown
32,male,2,own,,,2978,24,business," Based on the provided data, this 32 year old male has the following credit profile:

- Age: 32
- Sex: Male
- Job: Skilled
- Housing: Owns home
- Credit Amount: $2,978
- Duration: 24 months 
- Purpose: Business

His credit amount and duration suggest he is seeking a moderate size business loan. Being skilled, a homeowner, and male are positive credit factors. His age is reasonable for this size",good risk
30,male,2,own,little,,4657,15,car," Based on the data provided, here is my credit risk analysis:

This 30 year old male has a skilled job and owns his housing. He has little savings and requested a 4657 credit amount over a 15 month duration to purchase a car. His limited savings is a bit concerning for repaying this 2-3 year car loan, however his skilled job status helps offset some of that risk. Additional data on his income amount and existing debt obligations would allow me to perform a more thorough credit risk",unknown
27,male,2,own,little,,2613,36,repairs," Based on the data provided, here is my credit risk analysis:

This 27 year old male has a skilled job, owns his housing, has little savings, and is requesting a 36 month loan of $2,613 for the purpose of repairs. His limited savings account indicates he has low financial reserves to withstand income disruptions, though as a skilled worker his income stability may offset this risk somewhat. The medium loan amount over a 3 year term for a practical purpose suggests an acceptable level of credit",good risk
27,male,2,own,rich,moderate,10961,48,radio/TV," Based on the data provided, here is my credit risk analysis:

This 27 year old male has a skilled job and owns his housing. He has a rich saving account and a moderate checking account. He is requesting a $10,961 credit with a 48 month duration to purchase a radio/TV. 

Given his skilled employment, home ownership, sizable savings and moderate checking account, he seems to demonstrate financial stability to manage this 2 year consumer loan. The loan size is also reasonably aligne",good risk
53,male,3,free,little,little,7865,12,furniture/equipment," Based on the data provided, this 53 year old highly skilled male has taken out a 12 month, $7,865 loan for purchasing furniture or equipment. His housing situation is listed as 'free,' indicating he may own his residence outright or have favorable arrangements. His relatively small saving and checking accounts signify limited assets, but as a highly skilled professional, his income level affords him reasonable credit access despite more modest savings. The 12 month duration and mid-range loan amount for furniture point to a likely",good risk
22,male,2,own,little,,1478,9,radio/TV," Based on the data provided, here is my credit risk analysis:

This 22 year old male has a skilled job and owns his housing. He has little savings. He is requesting a 1478 credit amount to be paid back over 9 months for the purpose of a radio or TV purchase. His limited savings coupled with the medium length loan for a non-essential item is indicative of moderate risk. Although his job status helps offset some of that risk, additional financial history would help refine this analysis.",unknown
22,male,2,free,little,little,3149,24,furniture/equipment," Based on the data provided, here is my credit risk analysis:

This 22 year old male has a skilled job and lives in free housing. He has little savings and a little money in his checking account. He is requesting a $3,149 loan for a duration of 24 months to purchase furniture or equipment. 

Given his young age, stable skilled employment, and relatively small loan amount compared to the duration, I would rate him as low-to-moderate credit risk. The loan",unknown
26,male,2,own,little,rich,4210,36,radio/TV," Based on the data provided, here is my credit risk analysis:

This 26 year old male customer works a skilled job and owns his housing. He has a small saving account balance but a high checking account balance. He is requesting a $4,210 credit line for 36 months to purchase a radio/TV. 

Given his skilled employment, ownership of his housing, and rich checking account balance, I would consider him low risk for default despite his limited savings. The loan amount and duration",good risk
51,male,1,free,quite rich,,2507,9,car," Based on the provided personal data, here is my credit risk analysis:

This 51 year old male has an unskilled but resident job. He lives in free housing and has quite rich saving accounts. He is requesting a $2,507 car loan for 9 months. 

Given his age, male gender, skilled job status and quite rich saving accounts, he seems to demonstrate financial stability necessary for this relatively small, short term car loan. The free housing also indicates potentially low living expenses",good risk
35,male,2,own,moderate,,2141,12,radio/TV," Based on the data provided, here is my credit risk analysis:

This 35 year old male has a skilled job and owns his housing. He has a moderate level of savings and has requested a 2141 credit amount over 12 months to purchase a radio or TV. Given his stable skilled employment, home ownership, and some level of savings, he seems to present a low to moderate credit risk for this relatively small 1-year consumer loan for an entertainment purchase. Additional data on his income levels an",good risk
25,male,1,own,little,moderate,866,18,radio/TV," Based on the data provided, this 25 year old male has an unskilled but resident job, lives in his own housing, has little savings, a moderate checking account, has taken out an 866 credit amount loan for 18 month duration to purchase a radio/TV. 

His age is on the younger side which implies less financial stability and credit history. Being unskilled but a resident is moderately risky. Living in his own house is a good sign as it indicates some financial means.",bad risk
42,male,1,own,little,,1544,4,radio/TV," Based on the provided data, this 42 year old male has an unskilled but resident job, lives in his own housing, has little savings, took out a 1544 credit amount loan with a 4 month duration to purchase a radio/TV. His limited savings and unskilled employment status could indicate a higher credit risk. However, being a resident and homeowner help offset some of that risk. More data would be needed to make a definitive credit risk assessment.",unknown
30,male,3,own,little,little,1823,24,radio/TV," Based on the data provided, here is my credit risk analysis:

This 30 year old highly skilled male owns his housing. He has relatively small saving and checking accounts. He is requesting an 1823 credit amount to be paid back over 24 months for the purpose of a radio/TV purchase.

Given the stable housing situation and high skilled job, the limited size of the existing bank accounts should not overly concern in terms of credit risk. The amount of credit requested is moderate, as is",unknown
23,male,0,own,,moderate,14555,6,car," Based on the provided data, here is my credit risk analysis:

This 23 year old male has an unskilled and non-resident job. He owns his housing. He has a moderate checking account. He is requesting a 14,555 credit amount over a 6 month duration to purchase a car. 

Given his young age and unstable job situation as an unskilled non-resident worker, he may present a moderate credit risk. The relatively short 6 month loan duration helps mitigate risk",unknown
61,male,1,rent,moderate,moderate,2767,21,business," Based on the data provided, here is my credit risk analysis:

This 61 year old male has an unskilled but resident job. He is currently renting his housing. He has moderate savings and checking account balances. He has applied for a $2,767 business loan with a 21 month duration. 

Given his age, employment status as an unskilled resident worker, and moderate account balances, I would consider him to have a moderate level of credit risk. The relatively small",unknown
35,female,2,own,little,,1291,12,radio/TV," Based on the data provided, here is my credit risk analysis:

This 35 year old female has a skilled job and owns her housing. She has little savings and took out a 1291 credit for a radio/TV over 12 months. Her limited savings suggests she may struggle to make repayments if her income is disrupted. However, her skilled job status and housing ownership indicate some financial stability. The relatively small loan amount and purpose does not raise immediate concerns over ability to repay. I would rate",unknown
39,male,2,own,little,little,2522,30,radio/TV," Based on the data provided, here is my credit risk analysis:

This is a 39 year old male with a skilled job who owns his housing. He has little savings in both his saving and checking accounts. He is requesting a $2,522 credit amount over a 30 month duration to purchase a radio/TV. 

Given that he is middle-aged, male, skillfully employed, and a homeowner there is a moderate level of stability with his financial situation. However, the",unknown
29,female,2,own,,little,915,24,car," Based on the data provided, this appears to be a 29 year old female with a skilled job who owns her own housing. She has a little checking account and took out a 915 credit amount car loan with a 24 month duration. 

As she is skilled and a homeowner, she seems financially responsible. The 24 month car loan is not too long or too high relative to her job status. Having some money in a checking account also demonstrates financial prudence. The purpose being a car is",good risk
51,male,2,own,little,,1595,6,radio/TV," Based on the data provided, here is my credit risk analysis:

This 51 year old male has a skilled job and owns his housing. He has little savings and requested a credit amount of 1595 over a 6 month duration to purchase a radio/TV. His limited savings would indicate a higher risk if he were unable to make the payments over the 6 month term. However, given his skilled job, ownership of his housing, and modest credit amount requested, I would evaluate him as a moderate",unknown
24,male,2,free,little,little,4605,48,car," Based on the data provided, here is my credit risk analysis:

This 24 year old male has a skilled job and lives in free housing. He has little savings and a little amount in his checking account. He is requesting a 4,605 credit amount to purchase a car, to be paid back over 48 months. 

Given his skilled job, the loan details seem reasonable for his profile and purpose. The amount and duration seem in line with purchasing a modestly priced used car.",unknown
27,female,2,own,little,,1185,12,business," Based on the data provided, here is my credit risk analysis:

This is a 27 year old female with a skilled job and owns her housing. She has little savings and is requesting a 1185 credit amount for a 12 month business loan. 

The credit risk here appears relatively low. Being skilled and a homeowner suggests financial responsibility. The loan amount and duration are also not too high relative to income for skilled workers. The only minor concern is having little savings, but this may be",unknown
35,female,1,own,quite rich,,3447,12,education," Based on the data provided, this 35 year old female has an unskilled but resident job, owns her housing, has quite rich saving accounts, took out a 3447 credit amount loan with a 12 month duration to pay for education expenses. 

Her profile suggests a reasonable credit risk. Being in the resident category and owning her housing indicates some financial stability. The quite rich saving accounts also demonstrates responsible financial management. The credit amount is moderate and duration is short term. Education loans tend to be",good risk
25,male,2,own,little,,1258,24,business," Based on the data provided, here is my credit risk analysis:

This 25 year old male has a skilled job and owns his housing. He has little savings, which indicates limited financial resources to withstand income disruptions. However, he is seeking a reasonable credit amount of $1,258 for business purposes, to be repaid over 24 months. 

Given his skilled employment, home ownership, and moderate loan request for business investment, I would evaluate him as a moderate credit risk. The",unknown
52,male,2,own,little,,717,12,radio/TV," Based on the data provided, here is my credit risk analysis:

This 52 year old male has a skilled job and owns his housing. He has little savings, which indicates limited financial resources to withstand income disruptions. However, the requested credit amount of 717 and duration of 12 months seem reasonable given his employment status. The purpose of the loan is listed as for a radio/TV purchase, which is likely a consumer durable good. Overall, I would rate this applicant as a moderate credit",unknown
35,male,2,rent,moderate,,1204,6,car," Based on the provided data, here is my credit risk analysis:

This 35 year old male has a skilled job and is renting his housing. He has a moderate level of savings. He is requesting a 1204 credit amount to be paid back over 6 months for the purpose of a car purchase. 

Given his skilled job, moderate savings, reasonable loan amount and relatively short payback duration, he seems like a reasonably good credit risk. The car purpose provides good collateral in case of",good risk
26,male,2,own,little,rich,1925,24,furniture/equipment," Based on the data provided, here is my credit risk analysis:

This 26 year old male has a skilled job and owns his housing. He has little money in his saving accounts but a rich checking account balance. He is requesting a 1,925 credit amount to be paid back over 24 month duration, with the purpose being to purchase furniture or equipment. 

Given his skilled job, home ownership, and rich checking account balance, he seems to have a reasonable financial profile. The requested loan",unknown
22,female,2,rent,little,,433,18,radio/TV," Based on the data provided, here is my credit risk analysis:

This 22 year old female has a skilled job and is currently renting her housing. She has little savings and is requesting a 433 credit amount to be paid back over 18 months for the purpose of a radio/TV purchase. Her limited savings could indicate that she may struggle to make repayments if her income is disrupted. However, her skilled job status suggests she has steady employment income that she can rely on. The 18 month",unknown
39,female,1,own,rich,little,666,6,car," Based on the data provided, here is my credit risk analysis:

This is a 39 year old female with an unskilled but resident job. She owns her housing. Her rich saving account indicates good financial habits, while her little checking account activity shows low utilization of credit services. She is requesting a 666 credit amount to purchase a car, to be repaid over 6 months. 

Given her stable residency and employment, home ownership, and savings, she presents a low credit risk",good risk
46,female,1,own,little,rich,2251,12,furniture/equipment," Based on the data provided, here is my credit risk analysis:

This 46 year old female has an unskilled but resident job. She owns her house and has little savings but a rich checking account. She has applied for a 2251 credit amount over a 12 month duration to purchase furniture or equipment. 

Overall, the credit risk appears low. The borrower is in a stable resident job and housing situation. The large checking account balance offsets the lower savings amount. The loan amount",unknown
24,female,2,own,little,moderate,2150,30,car," Based on the data provided, here is my credit risk analysis:

This is a 24 year old female with a skilled job. She owns her housing. She has little savings but a moderate checking account balance. She is requesting a $2,150 car loan for 30 months.

Given her relatively young age, stable skilled employment, home ownership and moderate liquid assets, I would assess her as low to moderate credit risk. The loan amount is reasonable given her profile, and the duration is",good risk
35,male,2,own,moderate,,4151,24,furniture/equipment," Based on the data provided, here is my credit risk analysis:

This 35 year old male has a skilled job and owns his housing. He has a moderate level of savings, indicating a reasonable financial cushion, which is positive. He is requesting a 4,151 credit amount to be paid back over 24 months for the purpose of purchasing furniture/equipment. 

Overall, the information provided indicates a moderately low credit risk. The borrower is established with steady skilled employment, housing stability, an",unknown
24,male,2,own,,moderate,2030,9,furniture/equipment," Based on the data provided, here is my credit risk analysis:

This is a 24 year old male with a skilled job. He owns his housing. His checking account is categorized as moderate. He is requesting a credit amount of 2030 for a 9 month duration, to be used for purchasing furniture/equipment.

Given his relatively young age, skilled job status, home ownership, and moderate checking account balance, he seems to demonstrate financial stability appropriate for the loan purpose and amount. The",unknown
27,male,1,own,,moderate,7418,60,radio/TV," Based on the data provided, here is my credit risk analysis:

This 27 year old male has an unskilled but resident job. He owns his housing and has a moderate checking account. He has requested a credit amount of 7418 for a duration of 60 months, to purchase a radio/TV. 

Given his stable residency status and moderate account activity, I would consider him low-to-moderate credit risk at this credit amount and duration. Approving this loan is likely",good risk
35,male,1,own,little,,2684,24,radio/TV," Based on the limited data provided, here is my credit risk analysis:

This 35 year old male has an unskilled but resident job. He owns his housing and has a little savings account. He is requesting a 2684 credit amount to be paid back over 24 months for the purpose of a radio/TV purchase. 

Given his stable residency and housing ownership, he seems to present low credit risk despite his unskilled job. The loan amount and duration are also relatively low",good risk
29,male,2,free,little,little,2149,12,radio/TV," Based on the data provided, here is my credit risk analysis:

This 29 year old male has a skilled job and lives in free housing. He has little savings in both his saving and checking accounts. He is requesting a $2,149 loan for 12 months to purchase a radio/TV. 

Given his skilled job, the loan amount and duration seem reasonable for the stated purchase purpose. The lack of substantial savings is somewhat concerning, but may be typical for his age and housing situation",good risk
23,female,2,own,moderate,,3812,15,car," Based on the data provided, here is my credit risk analysis:

This is a 23 year old female with a skilled job who owns her own housing. She has a moderate level of savings and has requested a 3812 credit amount over a 15 month duration to purchase a car. 

Given her young age, steady skilled employment, ownership of her housing and moderate savings, she presents a low to moderate credit risk. The loan amount and duration seem reasonable for her profile to purchase a car.",good risk
57,female,1,own,moderate,,1154,11,radio/TV," Based on the data provided, here is my credit risk analysis:

The applicant is a 57 year old female with an unskilled but resident job. She owns her housing. Her saving accounts are moderate and she has requested a credit amount of 1154 over a 11 month duration to purchase a radio/TV. 

Given her age, job status and home ownership, she seems to demonstrate financial stability to some degree. The moderate savings provides additional support for her ability to repay debt. The",unknown
27,male,2,own,little,little,1657,12,furniture/equipment," Based on the data provided, this is a 27 year old male with a skilled job who owns his housing. He has requested a 1,657 credit amount over 12 month duration to purchase furniture/equipment. 

Given his relatively young age, skilled job status and home ownership, he seems to demonstrate some financial stability. The presence of both a savings and checking account, albeit limited amounts, also indicates some fiscal responsibility. However, the fairly short loan duration and stated purpose suggest this may be a significant",unknown
55,female,2,own,little,little,1603,24,radio/TV," Based on the data provided, here is my credit risk analysis:

This 55 year old female customer is skilled, owns her housing, has little savings and checking account balances, and is requesting a 1603 credit amount to be paid back over 24 months for the purpose of a radio/TV purchase. 

Given that she is skilled and a homeowner, she likely has a steady income stream, which helps mitigate the credit risk. However, her limited savings and checking accounts are a bit concerning",unknown
36,male,3,free,little,little,5302,18,car," Based on the data provided, here is my credit risk analysis:

This 36 year old male has a highly skilled job and lives in free housing, indicating a relatively stable financial situation. With little savings and checking accounts, his current cash reserves seem limited. He is requesting a 5302 credit amount to be paid back over 18 months, likely for the purpose of a car purchase. 

The moderate credit amount requested over a fairly short duration suggests a reasonable debt burden. His stable employment situation is",unknown
57,female,1,free,little,,2748,12,education," Based on the data provided, here is my credit risk analysis:

This is a 57 year old female with an unskilled but resident job. She lives in free housing and has little savings. She is requesting a 2,748 credit amount over 12 months to pay for education. 

Given her age and job status, she may have a moderate risk of default. The good signs are that she has a place to live and some savings, though the savings are small. The 12 month",unknown
32,male,1,own,little,,1231,10,car," Based on the data provided, here is my credit risk analysis:

This 32 year old male has an unskilled but resident job. He owns his housing. His savings account balance is relatively low. He is requesting a 1231 credit amount to purchase a car, to be paid back over 10 months. 

Given his stable residency and home ownership, there is a moderate level of financial stability indicated. The loan amount requested is also moderate relative to income for an unskilled job",unknown
37,male,2,own,little,moderate,802,15,radio/TV," Based on the data provided, here is my credit risk analysis:

This 37 year old male has a skilled job, owns his housing, has little savings but a moderate checking account. He is requesting an 802 credit for 15 months to purchase a radio/TV. His profile presents low credit risk overall. He has a stable skilled job and housing. The moderate checking account indicates some financial responsibility. The credit amount and duration are reasonable for his profile. The purpose seems to be for a normal",good risk
36,male,2,own,,,6304,36,business," Based on the data provided, here is my credit risk analysis:

This 36 year old male has a skilled job, owns his housing, and is requesting a 6,304 credit amount for a 36 month business loan. His credit risk seems moderate. Skilled workers usually have steady incomes to make loan payments, and home ownership suggests financial responsibility. The loan amount and duration seem reasonable for business purposes compared to his likely income. 

I cannot make inferences about his saving or checking account balances since",unknown
38,female,2,own,little,,1533,24,radio/TV," Based on the data provided, here is my credit risk analysis:

This 38 year old female customer works a skilled job and owns her housing. She has little savings and requested a 1533 credit amount to be paid back over 24 months for the purpose of a radio/TV purchase. 

Given that she is employed in a skilled position and owns her home, she likely has a steady income stream and assets, indicating she has the means to repay this medium sized loan for a consumer durable goo",good risk
45,male,3,own,little,little,8978,14,car," Based on the data provided, here is my credit risk analysis:

The person is a 45 year old male with a highly skilled job. He owns his housing. His saving and checking accounts both have little funds. He is requesting an $8,978 car loan for 14 months.

Given the person's stable employment situation and the reasonable loan amount and duration for a car purchase, I would assess him as low credit risk. The loan size is moderate compared to his likely income level from",good risk
25,male,2,own,,,999,24,radio/TV," Based on the limited data provided, here is my credit risk analysis:

This is a 25 year old male with a skilled job. He owns his housing. He has requested a 999 credit amount to be paid back over 24 months for the purpose of a radio/TV purchase.

Given his skilled job status and the fact that he owns his housing, he seems to have a reasonable financial profile. The requested loan amount and duration also seem reasonable given the purpose. 

Without further data",unknown
32,male,2,own,,,2662,18,car," Based on the data provided, this 32 year old male has the following credit profile:

- Age: 32
- Sex: Male
- Job: Skilled
- Housing: Owns home
- Credit Amount: $2,662 
- Loan Duration: 18 months
- Purpose: Car

As a skilled worker who owns his home, he presents a reasonable credit risk at this loan amount and duration. The purpose being an automobile, which has inherent asset value, is",good risk
37,female,2,rent,quite rich,,1402,12,furniture/equipment," Based on the data provided, here is my credit risk analysis:

This 37 year old female customer works a skilled job and rents her housing. She has quite rich saving accounts. She has requested a $1,402 credit amount to be paid back over 12 months for the purpose of purchasing furniture/equipment.

As a skilled renter, she likely has a steady job and income but limited personal assets. The quite rich saving accounts demonstrate financial responsibility and security. The reasonable $1,",unknown
36,male,3,free,,moderate,12169,48,car," Based on the data provided, here is my credit risk analysis:

This 36 year old male has a highly skilled job and lives in free housing, indicating a good financial situation. His moderate checking account also shows decent financial health. He is requesting a 48 month, $12,169 auto loan. Given his skilled job, decent accounts, and moderate loan amount compared to income, I would rate him as low credit risk. Approving a 48 month duration is reasonable given his financial profile. Overall",good risk
28,male,2,own,little,moderate,3060,48,radio/TV," Based on the data provided, here is my credit risk analysis:

This 28 year old male has a skilled job and owns his housing. He has little savings but a moderate checking account. He is requesting a 3060 credit amount to be paid back over 48 months for the purpose of a radio/TV purchase. 

Given his skilled employment, ownership of housing and moderate checking account activity, he seems to demonstrate financial stability necessary for managing this amount of credit. The 48 month term is also",unknown
34,male,1,own,little,little,11998,30,repairs," Based on the data provided, here is my credit risk analysis:

This 34 year old male has an unskilled but resident job. He owns his house and has little savings in both checking and savings accounts. He is requesting a $11,998 loan for 30 months to finance home repairs. 

Given his relatively young age, steady job, home ownership, and small loan amount compared to the duration, I would rate him as low risk for defaulting on the loan repayment. The",good risk
32,male,2,own,little,,2697,9,radio/TV," Based on the data provided, here is my credit risk analysis:

This 32 year old male has a skilled job and owns his housing. He has little savings and requested a 2,697 credit amount to be paid back over 9 months for the purpose of a radio/TV purchase. 

Given his skilled job, ownership of housing and the relatively small loan amount compared to the duration, I would rate him as low credit risk. The loan terms seem reasonable for his profile and purpose. While",good risk
26,female,2,own,little,,2404,18,radio/TV," Based on the provided data, here is my credit risk analysis:

This 26 year old female has a skilled job and owns her housing. She has little savings, which indicates limited financial resources to draw from if repayment difficulties arise. However, the relatively low credit amount of $2,404 and moderate loan duration of 18 months suggests the loan may be manageable for her if she maintains stable income. The purpose being for a radio/TV also seems more essential than a luxury purchase.",unknown
49,male,1,own,,little,1262,12,furniture/equipment," Based on the data provided, here is my credit risk analysis:

This 49 year old male has an unskilled but resident job. He owns his housing. His checking account balance is relatively low. He has requested a 1,262 credit amount to be paid back over 12 months for the purpose of purchasing furniture or equipment.

Given his stable residency and home ownership, he presents a low-to-moderate credit risk despite his unskilled job. The loan amount and duration",unknown
32,female,2,own,little,,4611,6,furniture/equipment," Based on the data provided, here is my credit risk analysis:

This 32 year old female has a skilled job and owns her housing. She has little savings, which could indicate limited financial resources to weather income disruptions. However, her relatively low $4,611 credit amount and 6 month duration suggest a reasonable, furniture-related loan purpose. 

Given her stable skilled job, the loan details seem manageable for someone in her financial position. I would rate her as a moderate credit",unknown
29,male,3,rent,moderate,,1901,24,radio/TV," Based on the provided data, this 29 year old highly skilled male has a moderate level of savings, is renting his housing, and has taken out a 24 month, 1901 credit amount loan for the purpose of a radio/TV purchase. As he has a stable skilled job and a moderate savings account, he seems to demonstrate responsible financial management that would indicate he is likely capable of repaying this relatively small loan for a consumer durable over its 2 year duration. However, more data would be needed to",good risk
23,male,2,rent,rich,,3368,15,car," Based on the data provided, here is my credit risk analysis:

This 23 year old male has a skilled job and is currently renting his housing. He has a rich saving account, indicating good financial habits. He is requesting a 3,368 credit amount to purchase a car, to be paid back over 15 months. 

Given his young age, steady skilled employment, and strong saving habits, I would rate him as a low credit risk if the loan is approved. The loan amount",good risk
50,male,2,own,little,,1574,12,furniture/equipment," Based on the data provided, this 50 year old male has a skilled job and owns his housing. He has little savings and took out a 1574 credit for a duration of 12 months to purchase furniture or equipment. His limited savings could indicate potential difficulty repaying the loan, but his skilled job status helps mitigate that risk somewhat. Additional data on his checking account activity and past repayment history would help further assess his creditworthiness. Let me know if you need any clarification or have additional questions on",unknown
49,male,1,own,,rich,1445,18,radio/TV," Based on the data provided, here is my credit risk analysis:

This 49 year old male has an unskilled but resident job. He owns his house and has a rich checking account. He is requesting a credit amount of 1445 over a duration of 18 months to purchase a radio/TV. 

Given that he is a resident with steady employment, owns his house and has a substantial checking account, I would classify him as low credit risk. The credit amount and duration seem reasonable",good risk
63,male,2,own,,,1520,15,furniture/equipment," Based on the limited data provided, here is my credit risk analysis:

This 63 year old male customer has a skilled job, owns their housing, and is seeking a moderate credit amount of $1,520 for 15 months to purchase furniture or equipment. Their skilled job status and housing ownership indicate a reasonable financial stability. The credit amount and duration seem in line with the stated purpose. Without details on their saving or checking account status, I cannot assess their liquid asset levels. Overall, based on",bad risk
37,male,2,own,moderate,moderate,3878,24,car," Based on the data provided, here is my credit risk analysis:

This 37 year old male has a skilled job, owns his housing, has moderate saving and checking account balances, and is seeking a $3,878 auto loan for 24 months. His profile presents low to moderate credit risk. The borrower is employed in a mid-level skilled job which provides some income stability. Home ownership also demonstrates financial responsibility. While not rich, the moderate savings and checking accounts suggest some financial cushion an",good risk
35,female,1,own,little,little,10722,47,car," Based on the data provided, here is my credit risk analysis:

The applicant is a 35 year old female with an unskilled but resident job. She owns her house and has little savings in both her saving and checking accounts. She has applied for a 47 month $10,722 auto loan. 

Given her relatively low skill job, small savings buffers, and the longer duration of the loan, she likely has a moderate to high amount of credit risk. Additional factors to consider woul",bad risk
26,male,2,own,little,little,4788,48,car," Based on the data provided, here is my credit risk analysis:

This 26 year old male has a skilled job and owns his housing. He has little savings in both his saving and checking accounts. He is requesting a 4,788 credit amount to purchase a car, to be paid back over 48 months. 

Given his relatively young age, steady skilled employment, home ownership, and moderate credit amount requested that will be paid back over a reasonable duration, I would assess him as a low",unknown
31,male,3,free,moderate,moderate,7582,48,vacation/others," This 31 year old male has a highly skilled job and lives in free housing. He has moderate savings and checking accounts, likely indicating a responsible financial profile. He has taken out a $7,582 loan with a 48 month duration to finance a vacation or other personal expenses. With his skilled job, responsible finances evident in his moderate savings and checking activity, and moderate loan amount and duration, he presents a reasonable credit risk.",good risk
49,female,2,own,little,moderate,1092,12,radio/TV," Based on the data provided, here is my credit risk analysis:

This 49 year old female customer works a skilled job and owns her housing. She has little savings but a moderate checking account balance. She is requesting a $1,092, 12-month loan to purchase a radio or TV. 

Given that she is employed in a skilled position and owns her home, she likely has a steady income stream and assets that could potentially be used as collateral if needed. The moderate checking account",good risk
48,male,2,own,little,little,1024,24,radio/TV," Based on the data provided, this is a 48 year old male with a skilled job who owns his housing. He has requested a 1024 credit amount to be paid back over 24 months for the purpose of a radio/TV purchase. Given his stable skilled employment status and the fact that he owns his housing, he seems to present a reasonable credit risk despite having little funds in his saving and checking accounts. The credit amount and duration seem in line with a major purchase like a radio/TV, and the",good risk
26,male,2,own,little,,1076,12,business," Based on the limited data provided, here is my credit risk analysis:

This 26 year old male has a skilled job, owns his housing, has little savings, and is requesting a 1076 credit amount over 12 months for a business purpose. His limited savings raises some concern regarding his ability to weather financial hardship. However, his skilled employment and plans to use the loan for business purposes suggest he may have income streams to repay the relatively small loan amount. 

I would recommend approving the loan",unknown
28,male,3,rent,little,moderate,9398,36,car," Based on the data provided, here is my credit risk analysis:

This 28 year old male has a highly skilled job, rents his housing, has little savings, a moderate checking account, and is seeking a $9,398 auto loan for 36 months. His profile presents low to moderate credit risk overall. The high skill job implies steady income to repay the loan. The moderate checking account activity also demonstrates responsible financial behavior. While little savings poses some risk, the relatively small loan amount compared to",good risk
44,female,3,free,little,little,6419,24,car," Based on the data provided, here is my credit risk analysis:

The client is a 44 year old female with a highly skilled job. She lives in free housing, indicating financial stability. She has little savings and a little amount in her checking account. She has applied for a car loan of $6,419 over a 24 month term. 

Given her skilled job, the loan amount and duration seem reasonable for the purchase of a used car. The loan purpose is clear. With little",unknown
56,male,2,free,little,rich,4796,42,car," Based on the data provided, here is my credit risk analysis:

This 56 year old male has a skilled job and lives in free housing. He has little savings but a rich checking account. He is requesting a 4796 credit amount to purchase a car, to be paid back over 42 months. 

The positives indicating he may be a good credit risk:
- Skilled job which provides steady income
- Free housing means limited living expenses 
- Rich checking account shows financial discipline",unknown
46,male,3,own,,,7629,48,business," Based on the data provided, here is my credit risk analysis:

This 46 year old male has a highly skilled job, owns his housing, and is requesting a 7629 credit amount for a 48 month business loan. His profile indicates he likely has the means to repay this loan. Highly skilled jobs tend to have higher and more stable incomes. Homeownership also suggests financial stability. The requested credit amount and duration seem reasonable given his profile. 

Since there is no data provided on his",unknown
26,female,2,own,little,moderate,9960,48,furniture/equipment," Based on the data provided, here is my credit risk analysis:

This 26 year old female has a skilled job and owns her residence. She has little savings but a moderate checking account. She is requesting a 9,960 credit line for a duration of 48 months to purchase furniture or equipment. 

Given that she is young but has a steady skilled job and a home, she may have a reasonable ability to repay this loan. The moderate checking account activity demonstrates some financial responsibility. While her",unknown
20,female,2,rent,,,4675,12,car," Based on the limited data provided, here is my credit risk analysis:

This is a 20 year old female with a skilled job. She is renting her housing. She has taken out a 4675 credit amount loan with a 12 month duration to purchase a car.

Given her young age and skilled employment status, she may have a reasonable ability to repay this auto loan. The loan amount and duration are also not excessive compared to her income level. 

However, since she is",bad risk
45,male,1,own,,,1287,10,car," Based on the provided data, here is my credit risk analysis:

The person is a 45 year old male with an unskilled but resident job. He owns his housing. He has taken out a credit amount of 1287 for a duration of 10 months to purchase a car.

Given his relatively low credit amount compared to duration length, this seems like a reasonable loan purpose and amount. The fact that he owns his housing suggests he has some financial stability. His job being unsk",unknown
43,male,2,own,little,,2515,18,furniture/equipment," Based on the data provided, this 43 year old male has a skilled job and owns his housing. He has little savings and has taken out a 2515 credit loan with an 18 month duration to purchase furniture or equipment. 

His profile indicates a moderately risky credit profile - while his skilled job and home ownership are positive signs, the small amount of savings paired with a medium sized loan for a discretionary purchase like furniture introduces some additional risk. However, the relatively short 18 month duration helps mitigate that",unknown
32,male,2,own,rich,moderate,2745,21,furniture/equipment," Based on the data provided, this 32 year old male has a skilled job and owns his housing. He has a rich saving account and a moderate checking account. He is requesting a 2,745 credit amount for a 21 month duration to purchase furniture/equipment. His profile presents low credit risk due to stable employment, ownership of assets, established saving and checking accounts, reasonable loan amount compared to income, and clear purpose for the loan. The moderate 21 month duration also demonstrates responsible financial planning. With goo",good risk
54,female,0,own,little,,672,6,car," Based on the provided data, here is my credit risk analysis:

The client is a 54 year old female with an unskilled and non-resident job. She owns her house and has little savings. She is requesting a 672 credit amount over a 6 month duration to purchase a car.

Given her relatively low income job and modest savings, there could be some risk in providing the full credit amount requested. However, the short 6 month duration and purpose being for an essential car",unknown
42,female,2,own,little,moderate,3804,36,radio/TV," Based on the data provided, here is my credit risk analysis:

This 42 year old female customer works a skilled job and owns her housing. She has little money in her savings account and a moderate amount in her checking account. She is requesting a 3,804 credit amount to be paid back over 36 month duration, in order to purchase a radio/TV. 

Given that she is employed in a skilled position and owns her house, she seems to have a reasonable financial foundation. The",unknown
37,male,1,own,,rich,1344,24,car," Based on the data provided, here is my credit risk analysis:

This 37 year old male has an unskilled but resident job. He owns his housing and has a rich checking account. He is requesting a 1,344 credit amount to be paid back over 24 months for the purpose of purchasing a car. 

Having an unskilled but resident job puts him at slightly higher risk than someone with a skilled or highly skilled job. However, the fact that he owns his housing an",unknown
49,male,2,own,little,little,1038,10,car," Based on the data provided, here is my credit risk analysis:

This 49 year old male has a skilled job, owns his housing, has little savings and checking account balances, and is requesting a $1,038 10-month car loan. His limited savings and checking accounts indicate he likely has limited disposable income to service additional debt obligations. However, his skilled job status and home ownership suggest a moderate degree of financial stability. 

Given the 10 month duration and relatively small loan amount",unknown
44,male,2,free,quite rich,,10127,48,car," Based on the data provided, this 44 year old male has a skilled job and lives in free housing. He has quite rich saving accounts and took out a 10127 credit amount loan with a 48 month duration to purchase a car. 

As an expert in credit risk analysis, a few observations:

- His skilled job status and free housing suggest a moderately stable financial situation.

- Having quite rich saving accounts indicates healthy finances and financial discipline, lowering his overall credit risk.",unknown
33,male,2,own,rich,,1543,6,furniture/equipment," Based on the data provided, this 33 year old male has a skilled job and owns his housing. He has a rich saving account, indicating he likely has substantial financial assets, which is a positive sign for creditworthiness. He is requesting a moderately sized loan of 1543 for furniture or equipment to be paid back over 6 months. The purpose and duration seem reasonable given his financial profile. With steady skilled employment, ownership of an asset like housing, and solid savings, he seems to present a low",good risk
24,female,1,rent,,,4811,30,car," Based on the limited data provided, here is my credit risk analysis:

This 24 year old female has an unskilled but resident job. She is currently renting her housing. She has taken out a 4811 credit amount loan with a 30 month duration to purchase a car. 

Given her young age and steady, albeit unskilled, employment situation, she may have a reasonable ability to repay this average sized auto loan within the 2.5 year time frame. However, her",unknown
33,male,1,own,moderate,little,727,12,radio/TV," Based on the data provided, here is my credit risk analysis:

This 33 year old male has an unskilled but resident job. He owns his housing and has a moderate saving account and a little checking account. He is requesting a 727 credit amount for a 12 month duration, to purchase a radio/TV. 

Given his stable residency status and the fact that he owns his housing, he seems to represent a reasonable credit risk. The loan amount and duration are relatively small",good risk
24,female,2,own,little,moderate,1237,8,furniture/equipment," Based on the data provided, here is my credit risk analysis:

The applicant is a 24 year old female with a skilled job. She owns her housing. She has little savings but a moderate checking account balance. She is requesting a credit amount of 1237 euros for a duration of 8 months to purchase furniture or equipment.

As a skilled young professional who owns her residence, she presents a moderately low credit risk. The loan amount and duration are also relatively small. Her limited savings are",good risk
22,male,1,rent,little,moderate,276,9,car," Based on the data provided, here is my credit risk analysis:

This 22 year old male has an unskilled but resident job. He rents his housing. His saving accounts are categorized as little and his checking account is moderate. He has applied for a 276 credit amount car loan with a 9 month duration. 

My assessment of credit risk for this individual is as follows:

Positives:
- Job is unskilled but he is a resident, which shows some financial",unknown
40,male,0,free,,moderate,5381,48,vacation/others," Based on the data provided, here is my credit risk analysis:

This 40 year old male has an unskilled and non-resident job, lives in free housing, has a moderate checking account, and is requesting a 5381 credit amount over 48 months for the purpose of vacation/others. 

Given the low-skilled job and non-resident status, there could be some credit risk here despite the moderate checking account balance. The loan duration is on the longer side at 48",unknown
25,male,2,own,moderate,,5511,24,furniture/equipment," Based on the data provided, here is my credit risk analysis:

This 25 year old male has a skilled job and owns his housing. He has a moderate level of savings. He is requesting a 5511 credit amount to be paid back over 24 months for the purpose of purchasing furniture/equipment. 

Given his relatively young age, steady skilled employment, home ownership, and moderate savings, he seems to demonstrate some financial stability. The requested loan amount and duration are also not that high relative",good risk
26,female,2,own,little,rich,3749,24,furniture/equipment," Based on the data provided, here is my credit risk analysis:

This 26 year old female has a skilled job and owns her housing. She has little savings but a rich checking account. She is requesting a 3,749 credit amount to be paid back over 24 months for the purpose of buying furniture/equipment.

Given that she is employed in a skilled position and owns her residence, she likely has a moderate income stream and assets to leverage if needed. The rich checking account indicates consistent",unknown
25,male,1,own,little,moderate,685,12,car," Based on the data provided, here is my credit risk analysis:

This 25 year old male has an unskilled but resident job. He owns his housing. His savings are limited but he has a moderate checking account balance. He is requesting a 685 credit amount over 12 months to purchase a car. 

Given his stable residency and ownership of housing, there is a reasonable chance this person can repay the loan, despite his limited savings. The loan amount and duration are relatively small",good risk
29,male,1,own,,rich,1494,4,car," Based on the data provided, here is my credit risk analysis:

This 29 year old male has an unskilled but resident job. He owns his housing and has a rich checking account. He is requesting a 1494 credit amount for a 4 month car loan. 

Given his stable residency status and home ownership, he seems to demonstrate some financial responsibility. A rich checking account also indicates consistent income to support regular transactions. The loan amount and duration he is requesting for a car seem",unknown
31,male,2,own,little,little,2746,36,furniture/equipment," Based on the data provided, here is my credit risk analysis:

This 31 year old male has a skilled job, owns his housing, has little savings and checking account balances, and is requesting a 2,746 credit amount over a 36 month duration to purchase furniture or equipment. His profile presents low to moderate credit risk. While his job and housing situation are stable, the limited savings suggests he has little financial cushion. The loan amount and duration seem reasonable given his profile, and the purpose is",good risk
38,male,1,own,little,little,708,12,furniture/equipment," Based on the data provided, here is my credit risk analysis:

This 38 year old male has an unskilled but resident job. He owns his housing. His relatively small savings and checking accounts suggest a limited financial cushion. However, the $708 credit amount and 12 month duration are responsible. Given the purpose being furniture/equipment which could improve quality of life, I view this applicant as having an acceptable credit risk profile.

Some factors working in his favor are owning a house an",good risk
48,female,1,own,,moderate,4351,24,furniture/equipment," Based on the data provided, here is my credit risk analysis:

This 48 year old female customer has a steady job as an unskilled but resident worker. She owns her own housing. Her moderate checking account suggests reasonable financial stability. She has requested a $4,351 loan for a 24 month term, to purchase furniture or equipment. Overall I would rate her as a low to moderate credit risk, primarily due to her steady residency, ownership of housing, and moderate checking account balance",good risk
32,male,2,own,little,,701,12,education," Based on the data provided, here is my credit risk analysis:

This 32 year old male has a skilled job and owns his housing. He has little savings and has requested a 701 credit amount to be paid back over 12 months for education purposes. His limited savings indicates he may struggle to make repayments if his income is disrupted. However, his skilled job status and moderate loan duration suggest he has the capability to repay this loan amount for education provided his employment remains stable. I cannot make",bad risk
27,female,1,own,little,little,3643,15,furniture/equipment," Based on the data provided, here is my credit risk analysis:

This 27 year old female has an unskilled but resident job. She owns her housing. Having little money in both her savings and checking accounts indicates limited financial resources. She is requesting a 3,643 credit line for 15 months to purchase furniture or equipment. Her credit risk profile shows limited financial capacity to manage debt obligations. The loan purpose does not indicate an income generating activity to support making payments. Overall I would rate this",unknown
28,male,3,own,little,moderate,4249,30,car," Based on the data provided, here is my credit risk analysis:

This 28 year old male has a highly skilled job, owns his housing, has little savings but a moderate checking account, and is seeking a 4,249 credit amount over a 30 month duration to purchase a car. His profile presents low to moderate credit risk overall. While his young age may indicate some financial inexperience, his highly skilled job provides financial stability. Owning his housing also demonstrates his responsibility. The moderate checking account",good risk
32,male,2,own,little,little,1938,24,radio/TV," Based on the data provided, this 32 year old male has a skilled job and owns his housing. He has requested a 1,938 credit amount to be paid back over 24 month duration, with the purpose listed as buying a radio/TV. Given his skilled job status and home ownership, he may have a reasonable ability to repay this loan even with relatively low savings accounts. Additional data could provide further insight, but there are no obvious red flags regarding his credit risk based on the information given.",good risk
34,male,3,free,little,little,2910,24,car," Based on the data provided, here is my credit risk analysis:

This 34 year old male has a highly skilled job and lives in free housing, indicating a relatively stable financial situation. With little savings and checking accounts, his liquid assets seem limited, so his ability to withstand financial shocks may be low. 

He is requesting a $2,910 car loan for 24 months. While the loan amount and duration seem reasonable given his job, the purpose of financing a depreciating asset",unknown
28,male,2,own,rich,little,2659,18,furniture/equipment," Based on the data provided, this 28 year old male has a skilled job and owns his own housing. He has a rich saving account but a little checking account. He has requested a moderately large credit amount of 2659 for a 18 month loan to purchase furniture or equipment. 

His age, job status, housing ownership and substantial savings are positive signs regarding his creditworthiness. The large loan amount for furniture is somewhat concerning given his limited checking account activity, but the extended 18 month term helps",good risk
36,female,2,own,little,,1028,18,car," Based on the data provided, this appears to be a 36 year old female with a skilled job who owns her own housing. She has little savings and took out a 1028 credit amount loan with an 18 month duration to purchase a car. 

As she is skilled and a homeowner, she likely has a moderate income and assets/collateral. The 18 month term is reasonable for an auto loan. The credit amount is also in an expected range for an automobile purchase.

With little",good risk
39,male,1,own,little,little,3398,8,car," Based on the data provided, here is my credit risk analysis:

This 39 year old male has an unskilled but resident job, lives in his own house, has little savings and a little checking account balance. He is requesting a $3,398 auto loan for 8 months. His limited savings and checking account balances are a bit concerning given the loan purpose is a car. However, his resident employment status helps offset some of that risk. The loan amount and duration seem reasonable. ",unknown
49,male,2,rent,,,5801,12,furniture/equipment," Based on the limited data provided, here is my credit risk analysis:

This 49 year old male has a skilled job, rents his housing, and is seeking a 5801 credit amount over 12 months to purchase furniture/equipment. His credit risk profile is moderately low given his skilled employment status and modest loan amount and duration. However, not having insights into his saving and checking account balances inhibits a fuller assessment. Overall though, if the purpose and credit terms align with his income, this appears to",bad risk
34,female,2,own,rich,,1525,24,car," Based on the data provided, here is my credit risk analysis:

This 34 year old female has a skilled job and owns her residence. She has rich saving accounts, indicating good financial habits. She is requesting a 1,525 credit amount to be paid back over 24 months for the purpose of purchasing a car. 

Given her skilled employment, home ownership, and rich savings, she presents a low credit risk. The moderately sized loan amount and repayment period of 2 years for the reasonable purpose",good risk
31,male,2,own,little,rich,4473,36,radio/TV," Based on the data provided, here is my credit risk analysis:

This 31 year old male has a skilled job, owns his housing, has little savings but a rich checking account, and is seeking a 4473 credit amount over 36 months to purchase a radio/TV. His profile presents low credit risk overall. While his little savings could indicate limited financial cushion, his skilled job status and rich checking account signify reliable income stream and financial management ability. The moderate credit amount requested also appears reasonable given",good risk
28,male,2,own,little,moderate,1068,6,radio/TV," Based on the data provided, here is my credit risk analysis:

This 28 year old male has a skilled job, owns his housing, has little savings but a moderate checking account. He is requesting a credit amount of 1068 for a duration of 6 months to purchase a radio/TV. His overall credit risk level seems moderate. Having a steady skilled job and owning a house are positive signs, though the small savings account raises some concerns about his ability to weather financial difficulties. The loan amount",unknown
75,male,3,free,little,little,6615,24,car," Based on the data provided, here is my credit risk analysis:

This 75 year old male has a highly skilled job and lives in free housing, indicating a relatively high socioeconomic status. He has both little savings and a basic checking account. He is seeking a 6615 credit line for 24 months to purchase a car. 

Given his age, I would want to closely examine his income streams to ensure he has the means to repay the loan for the entire Duration. The Credit amount is",unknown
30,female,2,own,moderate,,1864,18,education," Based on the data provided, here is my credit risk analysis:

This 30 year old female has a skilled job and owns her residence. She has a moderate level of savings. She is requesting a credit amount of 1864 for an 18 month education loan. 

Given her skilled job, home ownership and moderate savings, she seems to demonstrate financial responsibility that reduces her credit risk. The purpose of the loan is also reasonable. The credit amount and duration are not excessive relative to her profile.",good risk
24,female,3,own,moderate,moderate,7408,60,car," Based on the data provided, this is a 24 year old highly skilled female with moderate saving and checking account balances, looking to finance a 60 month car loan for $7,408. Her ownership of her residence suggests financial responsibility. The moderate account balances in relation to the loan amount and duration imply responsible money management habits without excessive liquidity. Given her skilled profession at a young age, financially conservative approach, and purpose for the loan, I would rate her as a low to moderate credit risk. The",good risk
24,female,1,rent,moderate,,11590,48,car," Based on the data provided, here is my credit risk analysis:

This is a 24 year old female with an unskilled but resident job. She is currently renting her housing. Her saving accounts are categorized as moderate. She has applied for a 11590 credit amount to be paid back over 48 months for the purpose of a car purchase. 

Given her young age, steady job, moderate savings and reasonable loan amount and duration, I would assess her as low to moderate credit risk",good risk
23,male,2,rent,little,little,4110,24,furniture/equipment," Based on the data provided, this is a 23 year old male with a skilled job who rents housing. He has little savings and a little amount in his checking account. He is requesting a 4,110 credit amount to be paid back over 24 months for the purpose of purchasing furniture or equipment. 

With his skilled job, it seems he has a steady income stream to repay the loan, though the limited savings suggests he lives paycheck to paycheck. The loan amount and duration seem reasonable for",unknown
44,male,3,rent,little,little,3384,6,furniture/equipment," Based on the data provided, here is my credit risk analysis:

This 44 year old male has a highly skilled job, rents his housing, has little savings and checking account balances, and is seeking a $3,384 6-month loan to purchase furniture or equipment. His limited savings and checking account balances are potential areas of concern regarding his ability to repay the loan, however his highly skilled job status helps offset this risk to some degree. Additional factors in his favor are his age suggesting establishe",unknown
23,female,1,own,little,moderate,2101,13,radio/TV," Based on the data provided, here is my credit risk analysis:

This 23 year old female has an unskilled but resident job. She owns her housing. Her saving accounts are categorized as little, and she has a moderate checking account. She has requested a 2101 credit amount to be paid back over 13 months for the purpose of a radio or TV.

Given her relatively young age, stable residency and job, ownership of her housing, moderate checking account activity, and reasonable credit",unknown
24,female,2,rent,,little,1275,15,domestic appliances," Based on the data provided, here is my credit risk analysis:

This is a 24 year old female with a skilled job. She is renting her housing. She has a little checking account. She is requesting a credit amount of 1275 over a 15 month duration to purchase domestic appliances.

Given her relatively young age and skilled job status, she likely has a reasonable income to support repaying this loan. The loan amount and duration seem in line with purchasing domestic appliances. Having some",unknown
28,male,2,own,little,little,4169,24,furniture/equipment," Based on the data provided, here is my credit risk analysis:

This 28 year old male has a skilled job, owns his housing, has little money in his saving and checking accounts, and is requesting a 4,169 credit amount over 24 months to purchase furniture/equipment. His profile presents a relatively low credit risk for the following reasons:

- His skilled job provides stable income to pay back the loan. 

- He owns his housing which demonstrates financial responsibility.

-",unknown
31,male,1,own,little,moderate,1521,10,furniture/equipment," Based on the data provided, this is a 31 year old male with an unskilled but resident job. He owns his housing and has a little savings account and a moderate checking account. He has requested a 1521 credit amount for a 10 month duration to purchase furniture or equipment. 

Given his stable residency status and the fact that he owns his housing, he likely has a reasonable credit profile. The moderate checking account indicates some financial responsibility. The purpose of the loan seems reasonable. The",good risk
24,female,2,free,little,moderate,5743,24,education," Based on the provided data, this is a 24 year old female with a skilled job and living in free housing. She has a little savings account and a moderate checking account. She has taken out a 5,743 credit amount loan for 24 month duration to be used for education purposes.

With her skilled job, the 24 year old likely has a steady income to make regular loan payments. The moderate checking account indicates reasonable financial responsibility. While her savings are low, the loan purpose is for advancing",unknown
26,female,1,rent,little,little,3599,21,furniture/equipment," Based on the data provided, here is my credit risk analysis:

This 26 year old female has an unskilled but resident job. She rents her housing. Having little money in both her saving and checking accounts indicates limited financial resources. She has requested a 3,599 credit amount to be paid back over 21 months, likely for purchasing furniture or equipment. 

Given her young age, steady job, and moderate credit request for an essential purpose, I would rate her as a reasonable credit",unknown
25,male,2,rent,quite rich,moderate,3213,18,radio/TV," Based on the data provided, this 25 year old male has a skilled job and rents his housing. He has quite rich saving accounts and a moderate checking account. He has requested a 3213 credit amount to be paid back over 18 months for the purpose of a radio/TV. His creditworthiness depends on several factors:

- His relatively young age may indicate less financial stability and credit history compared to an older applicant. However, his skilled job status is a positive sign.

-",unknown
33,male,3,own,little,moderate,4439,18,business," Based on the data provided, this 33 year old male has a highly skilled job and owns his housing. He has little savings and a moderate checking account. He is requesting a 4,439 credit amount for a 18 month business loan. 

Given his skilled job, ownership of housing and moderate checking account, he seems reasonably positioned to manage this business loan. The 18 month duration is relatively short term, though the credit amount is substantial. 

With little savings there is less of a buffer if",unknown
37,male,1,own,little,rich,3949,10,car," Based on the data provided, here is my credit risk analysis:

This 37 year old male has an unskilled but resident job. He owns his housing. Having little savings but a rich checking account indicates uneven finances - he may live paycheck to paycheck despite steady income. Seeking $3,949 for a 10 month car loan is a significant amount compared to his savings. His skill level limits income growth potential. 

Overall I would rate this as a medium credit risk due",unknown
43,female,1,own,little,,1459,15,radio/TV," Based on the data provided, here is my credit risk analysis:

This 43 year old female customer is an unskilled but resident worker seeking a 1,459 credit amount over a 15 month duration to purchase a radio/TV. She owns her residence and has little savings. With steady local employment and home ownership demonstrating stability, the credit risk appears low for the relatively small loan amount and duration. The purpose being a home appliance also suggests responsible use of funds. As such, I would recommen",unknown
23,male,2,own,little,moderate,882,13,radio/TV," Based on the data provided, here is my credit risk analysis:

This 23 year old male has a skilled job, owns his housing, has little savings but a moderate checking account. He is requesting a 882 credit for a 13 month duration to purchase a radio/TV. His overall credit risk seems low given his stable job, housing ownership and the moderate size and duration of the loan compared to his checking account balances. The purpose of the loan is for a durable consumer good rather than risk",good risk
23,female,0,rent,quite rich,moderate,3758,24,radio/TV," Based on the data provided, here is my credit risk analysis:

This 23 year old female has an unskilled and non-resident job. She is renting her housing. She has quite rich saving accounts and a moderate checking account. She has applied for a credit amount of 3758 over a duration of 24 months to purchase a radio/TV. 

Given her young age, current unstable job situation and lower income level associated with unskilled roles, this represents a higher risk",bad risk
34,male,1,own,moderate,,1743,6,business," Based on the data provided, here is my credit risk analysis:

This 34 year old male has an unskilled but resident job. He owns his housing. His savings are moderate, indicating reasonable financial health. He has requested a 1743 credit amount for a 6 month business loan. 

Given his steady residency status and access to housing, combined with some savings, this appears to be a reasonable loan amount and duration to support a business purpose. The moderate savings provides a buffer for",unknown
32,male,2,free,rich,moderate,1136,9,education," Based on the data provided, here is my credit risk analysis:

This 32 year old male has a skilled job and lives in free housing. He has rich saving accounts and moderate checking accounts. He is requesting a 1136 credit amount for an education purpose over a 9 month duration. 

The strengths of this application are:
- The applicant is young and employed with a stable skilled job. This indicates he has the ability to repay debts.
- He has substantial savings in his saving",unknown
23,female,2,rent,little,,1236,9,domestic appliances," Based on the data provided, here is my credit risk analysis:

This is a 23 year old female with a skilled job who is renting her housing. She has little savings and has requested a 1236 credit amount over 9 month duration to purchase domestic appliances. 

Some positive factors from a credit risk perspective:
- She is young, so has time to build her credit history and improve her financial position over time. 
- She is steadily employed in a skilled job.",unknown
29,female,2,own,little,moderate,959,9,furniture/equipment," Based on the data provided, here is my credit risk analysis:

The applicant is a 29 year old female with a skilled job. She owns her housing. She has little money in her savings account and a moderate amount in her checking account. She is requesting a 959 credit amount to be paid back over 9 months for purchasing furniture or equipment.

Some strengths leading to low credit risk:
- Applicant has a skilled job which likely provides steady income for repaying the loan.",unknown
38,male,3,own,,,3229,18,car," Based on the data provided, here is my credit risk analysis:

This 38 year old male has a highly skilled job, owns his housing, and is seeking a 18 month, $3,229 car loan. With his high skill level job, home ownership, and modest loan amount and duration, he seems like a reasonably good credit risk. Unfortunately there is no data provided on his saving and checking account balances, so I cannot factor those into my analysis. But overall he fits the profile of",unknown
28,male,2,rent,little,little,6199,12,radio/TV," Based on the data provided, here is my credit risk analysis:

This 28 year old male has a skilled job and is currently renting his housing. He has little savings in both his saving and checking accounts. He has applied for a 6,199 credit amount to be paid back over 12 months for the purpose of a radio/TV purchase. 

Given his skilled job, the loan duration is relatively short at 12 months and the credit amount is moderate compared to his income level. The",unknown
46,male,2,free,quite rich,,727,10,education," Based on the data provided, here is my credit risk analysis:

This 46 year old male has a skilled job and lives in free housing, indicating a moderately stable financial situation. His saving accounts are categorized as quite rich, also reflecting decent financial health. He is requesting a 727 credit amount to be paid back over 10 months for an educational purpose. Given his skilled job status and ample savings, he seems to have the means to repay this medium-sized loan in the specified timeframe. The",bad risk
23,male,1,own,little,moderate,1246,24,car," Based on the data provided, this is a 23 year old male with an unskilled but resident job. He owns his housing and has a little savings account and a moderate checking account. He has requested a 1246 credit amount to be paid back over 24 months for the purpose of a car purchase. 

Given his relatively young age, unskilled job status, and limited savings, he may present a higher than average credit risk. However, the fact that he is a resident and home",unknown
49,male,2,own,,,2331,12,radio/TV," Based on the limited data provided, here is my credit risk analysis:

This 49 year old male has a skilled job, owns his housing, and is seeking a 2,331 credit amount over 12 months to purchase a radio/TV. His skilled job status suggests a moderate and steady income to repay the loan. Home ownership also indicates financial responsibility. The loan amount and duration seem reasonable given the stated purpose. Without further data on his saving and checking accounts, I cannot fully assess his assets an",unknown
26,male,3,own,little,,4463,36,radio/TV," Based on the data provided, this 26 year old highly skilled male owns his housing and has a little savings account. He has taken out a 4,463 credit amount loan with a 36 month duration to purchase a radio or TV. His credit profile indicates he is likely at low risk of defaulting on this consumer loan. The positive factors are his highly skilled job, ownership of his housing, and reasonable loan amount and duration for the stated purpose. The only minor concern is his limited savings account, but",good risk
28,male,2,own,little,,776,12,radio/TV," Based on the data provided, here is my credit risk analysis:

This 28 year old male has a skilled job and owns his housing. He has little savings, which suggests he may be living paycheck to paycheck. He is requesting a 776 credit amount to be paid back over 12 months for the purpose of a radio or TV purchase. 

The relatively small loan amount over a short duration indicates this may be manageable repayment for his income level. However, the purpose being an",unknown
23,female,2,rent,little,little,2406,30,furniture/equipment," Based on the data provided, here is my credit risk analysis:

This is a 23 year old female with a skilled job who is renting her housing. She has little savings and a little amount in her checking account. She is requesting a 2406 credit amount to be paid back over 30 months for the purpose of buying furniture or equipment. 

Given her young age, steady skilled employment, and moderate credit amount requested for a reasonable duration, I would assess her as low-to-",bad risk
61,male,2,free,,moderate,1239,18,education," Based on the data provided, here is my credit risk analysis:

This 61 year old male has a skilled job and lives in free housing. He has a moderate checking account. He is requesting a credit amount of 1239 euros for an education purpose, to be paid back over 18 months. 

Given his skilled job, moderate checking account activity, and the reasonable credit amount and duration related to funding an education, I would assess him as a low to moderate credit risk. The free housing",unknown
37,male,3,own,,rich,3399,12,radio/TV," Based on the data provided, here is my credit risk analysis:

This 37 year old male has a highly skilled job, owns his housing, and has a rich checking account. He is requesting a 3,399 credit amount for a 12 month duration, to purchase a radio/TV. His rich checking account indicates he likely has steady income to make regular loan payments. The credit amount requested is moderate compared to his likely income level given his highly skilled job status. The 12 month duration is a",unknown
36,female,2,own,little,rich,2247,12,car," Based on the data provided, this 36 year old female has a skilled job and owns her housing. She has little money in her savings account but a rich checking account. She has taken out a 2247 credit loan to be paid back over 12 months for the purpose of a car. Her profile suggests she likely has a decent income to afford both housing and an automobile but does not maintain substantial long term savings, instead utilizing her checking account for most expenditures. With a 12 month duration, the loan amount",good risk
21,male,2,rent,little,,1766,6,furniture/equipment," Based on the data provided, here is my credit risk analysis:

This 21 year old male has a skilled job and is currently renting his housing. He has little savings and is requesting a 1766 credit amount for a 6 month duration in order to purchase furniture or equipment. 

Given his young age, skilled employment status, and short loan duration, I would assess him as a low to moderate credit risk. The relatively small loan amount compared to his likely salary also helps minimize risk.",unknown
25,male,0,own,little,little,2473,18,furniture/equipment," Based on the data provided, here is my credit risk analysis:

This 25 year old male has an unskilled and non-resident job. He owns his housing. His saving and checking accounts are categorized as little. He is requesting a 2473 credit amount to be paid back over 18 months for the purpose of purchasing furniture/equipment.

Given his relatively young age and steady housing situation, I would evaluate him to be a reasonable credit risk at the requested amount and duration despite his",unknown
36,male,2,own,little,,1542,12,business," Based on the data provided, here is my credit risk analysis:

This 36 year old male has a skilled job and owns his housing. He has little money in his saving accounts. He is requesting a $1,542 business loan for 12 months. Given his skilled job and ownership of his housing, he seems to demonstrate some financial stability. The relatively small loan amount and duration are also low risk factors. However, having little savings suggests he has limited assets to draw from if repayment issues arise",good risk
27,male,2,own,little,,3850,18,car," Based on the data provided, here is my credit risk analysis:

This is a 27 year old male with a skilled job who owns his housing. He has little savings and is requesting a 3850 credit amount over an 18 month duration to purchase a car. 

Given his relatively young age, steady skilled employment, home ownership and moderate credit amount request for a reasonable purpose and duration, he seems like a reasonably good credit risk. The only minor concern could be his limited savings buffer, but",unknown
22,female,2,rent,little,little,3650,18,furniture/equipment," Based on the data provided, here is my credit risk analysis:

This 22 year old female has a skilled job and is renting her housing. She has little money in both her saving and checking accounts. She is requesting a 3650 credit for a duration of 18 months to purchase furniture or equipment. 

Given her young age and steady skilled employment, she may have a reasonable ability to repay this medium sized loan for furniture over the 18 month term. However, her limited existing savings suggests",unknown
42,male,2,own,little,little,3446,36,furniture/equipment," Based on the data provided, this 42 year old male has a skilled job and owns his housing. He has little money in both his saving and checking accounts. He is requesting a 3,446 credit amount for a 36 month duration in order to purchase furniture or equipment. His profile suggests a moderate but manageable credit risk. As a skilled worker who owns his home, he likely has a steady income stream to make consistent payments. The moderate loan amount and duration are also reasonable given his limited savings.",good risk
40,female,2,rent,little,moderate,3001,18,furniture/equipment," Based on the data provided, here is my credit risk analysis:

This 40 year old female has a skilled job and is currently renting her housing. She has little savings but a moderate checking account balance. She has applied for a 3,001 credit amount to be paid back over 18 months for the purpose of buying furniture or equipment.

Given her skilled job, the moderate checking account, and reasonable credit amount and duration, I would assess her as low to moderate credit risk. The",unknown
36,male,2,own,,,3079,36,car," Based on the data provided, here is my credit risk analysis:

This 36 year old male has a skilled job, owns his housing, and is seeking a 3079 credit amount over 36 month duration to purchase a car. His credit risk level appears moderate. A skilled job and owning his housing suggest he has steady income and assets to make regular payments. The 36 month loan term is reasonable for an auto loan. The 3079 credit amount is relatively low compared to his likely income level given his",unknown
33,male,2,own,little,,6070,18,radio/TV," Based on the data provided, this 33 year old male has a skilled job and owns his housing. He has little money in his saving accounts. He was approved for a $6,070 credit amount to be repaid over 18 months for the purpose of buying a radio or TV. 

Since he owns his housing and has a stable skilled job, he seems to have a reasonable financial foundation. The 18 month duration is moderate. The credit amount approved is also in a reasonable range given his profile",good risk
23,female,2,rent,little,,2146,10,furniture/equipment," Based on the data provided, here is my credit risk analysis:

This is a 23 year old female with a skilled job who rents her housing. She has little savings and has taken out a 2146 credit amount loan with a 10 month duration to purchase furniture or equipment. 

As a skilled renter with little savings, there is moderate credit risk here. The loan amount and duration are not too high relative to income, which helps mitigate the risk somewhat. However, the lack of personal",unknown
63,male,3,free,,,13756,60,car," Based on the data provided, here is my credit risk analysis:

This 63 year old male has a highly skilled job, lives in free housing, and is seeking a 60 month car loan of 13,756. His credit risk level seems low given his skilled occupation and ability to cover free housing. Without data on his saving and checking account balances, I cannot fully assess his financial reserves and liquidity. But the moderate loan amount and duration for a car, which has collateral value, represents a",unknown
60,female,3,free,moderate,moderate,14782,60,vacation/others," Here is my credit risk analysis for the provided person data:

This 60 year old highly skilled female has moderate savings and checking account balances. She owns her housing outright. She is seeking a 5 year, $14,782 loan for the purpose of vacation or other personal expenses. 

Given her skilled employment, home ownership status, moderate savings, and moderate checking account balances, she presents low to moderate credit risk on the requested 5 year vacation/personal loan. The loan amount and duration seem",good risk
37,female,2,rent,little,little,7685,48,business," Based on the data provided, here is my credit risk analysis:

This 37 year old female has a skilled job and is currently renting her housing. She has little savings in her saving and checking accounts. She has applied for a relatively large business loan of $7,685 over a 4 year duration. 

Given her skilled employment, it is reasonable that she would require financing to start or grow a business venture. The loan amount and duration seem aligned with typical small business loans.",unknown
34,male,2,own,little,,2320,18,radio/TV," Based on the data provided, this 34 year old male has a skilled job and owns his housing. He has little money in his savings accounts. He was approved for a 2,320 credit amount to be paid back over 18 months for the purpose of a radio or TV purchase. 

His skilled job status and ownership of his housing suggest he has a moderate level of financial stability. The 18 month loan term is relatively short. However, the fact he was only approved for a small credit amount an",unknown
36,male,2,free,,,846,7,radio/TV," Based on the limited data provided, here is my credit risk analysis:

This 36 year old male has a skilled job and lives in free housing. He is requesting a credit amount of 846 for a 7 month loan to purchase a radio/TV. With the skilled job, the loan amount and duration seem reasonable for this purpose. As there is no information provided on his saving or checking accounts, I cannot factor those into my analysis. Additional data on his current income, existing debts or assets",unknown
57,male,3,free,little,moderate,14318,36,car," Based on the data provided, here is my credit risk analysis:

This 57 year old male has a highly skilled job and lives in free housing, suggesting he likely has a stable financial situation. His moderate checking account indicates a reasonable, but not excessive, cash flow. His little saving account means he does not have significant reserves, so may be more impacted if he faces an income disruption. 

The 36 month $14,318 car loan could be affordable given his skills and income. However",unknown
52,female,1,own,moderate,,362,6,car," Based on the data provided, here is my credit risk analysis:

This 52 year old female has an unskilled but resident job, lives in her own housing, has a moderate saving account, and has requested a 362 credit amount over 6 month duration to purchase a car. 

From a credit risk perspective, the factors in her favor are that she has a resident job and her own housing. The moderate savings account is also a positive sign that she has some financial discipline. The loan",unknown
39,male,2,own,,little,2212,20,furniture/equipment," Based on the data provided, here is my credit risk analysis:

This is a 39 year old male with a skilled job. He owns his housing. He has a ""little"" checking account. He is requesting a credit amount of 2212 over a 20 month term to purchase furniture or equipment.

Some insights into creditworthiness:
- Being 39 years old with a skilled job is moderately positive. He is within typical prime earning years and has qualifications.
- Owning his",unknown
38,female,3,free,little,moderate,12976,18,car," Based on the data provided, here is my credit risk analysis:

The client is a 38 year old female with a highly skilled job. She lives in free housing, indicating financial stability. She has little savings but a moderate checking account. She has requested a 12976 credit amount to purchase a car, to be paid back over 18 months.

As a highly skilled professional with free housing, she likely has a steady income stream to pay back the loan. The moderate checking account also indicates",unknown
25,female,2,rent,,,1283,22,car," Based on the limited data provided, here is my credit risk analysis:

This 25 year old female has a skilled job and is renting her housing. She is requesting a 1283 credit amount to be paid back over 22 months for the purpose of a car. With no information provided on her saving or checking accounts, I cannot make assessments on those. 

A skilled job generally indicates a steady income to make repayments. Her requested credit amount and duration seem reasonable for the purpose. R",unknown
26,male,2,own,little,rich,1330,12,car," Based on the data provided, here is my credit risk analysis:

This 26 year old male has a skilled job, owns his housing, has little savings but a rich checking account, and is requesting a 1,330 credit amount over 12 months to purchase a car. His profile suggests he likely has a steady skilled job to afford home ownership, though the small savings account raises some questions around financial management. The large checking account balance offsets this concern, demonstrating ample liquidity to service the relatively small",unknown
26,male,1,own,moderate,,4272,30,business," Based on the data provided, here is my credit risk analysis:

This 26 year old male has an unskilled but resident job. He owns his housing and has a moderate saving account. He has requested a 4,272 credit amount to be paid back over 30 months for a business purpose. 

Given his relatively young age, steady job, home ownership, and moderate savings, he seems to demonstrate financial stability appropriate for the loan amount and duration he has requested. The purpose being for",unknown
25,female,2,own,little,,2238,18,radio/TV," Based on the data provided, here is my credit risk analysis:

This is a 25 year old female with a skilled job. She owns her housing. Her savings account balance is relatively small. She has requested a moderately sized loan amount of 2238 for a duration of 18 months, to be used for purchasing a radio or TV. 

Overall this appears to be a relatively low risk loan application. The borrower is young but employed in a skilled position, owns a home, and has",unknown
21,female,2,rent,,,1126,18,radio/TV," Based on the limited data provided, here is my credit risk analysis:

This is a 21 year old female with a skilled job. She is renting her housing. She has requested a credit amount of 1126 for a duration of 18 months to purchase a radio/TV.

With her skilled job, she likely has a moderate but steady income stream to repay this relatively small loan amount. The 18 month duration is also reasonable. Renting her housing suggests she may not have major expenses",good risk
40,male,3,own,little,moderate,7374,18,furniture/equipment," Based on the data provided, here is my credit risk analysis:

This 40 year old male has a highly skilled job, owns his housing, has little savings, a moderate checking account, and is requesting a 7374 credit amount over an 18 month duration to purchase furniture or equipment. His profile indicates a relatively low credit risk overall:

- The borrower is middle aged and employed in a highly skilled position which implies stable income to repay the loan. 

- Owning his housing",unknown
27,male,2,own,quite rich,moderate,2326,15,business," Based on the data provided, here is my credit risk analysis:

This 27 year old male has a skilled job and owns his housing. He has quite rich saving accounts and a moderate checking account. He is requesting a 2326 credit amount for a 15 month business loan. 

The person's stable skilled employment and home ownership put him in a good position to repay the relatively small business loan he is requesting. The 15 month duration is also reasonable. His saving and checking accounts provide additional financial",good risk
27,female,2,own,little,,1449,9,business," Based on the data provided, here is my credit risk analysis:

This 27 year old female has a skilled job and owns her housing. She has little savings, which provides limited financial cushion, but also took out a relatively small business loan of 1449 for 9 months. The purpose being for business suggests she may be entrepreneurial and pursuing business opportunities. With a skilled job, home ownership, and small short-term loan, she presents low-to-moderate credit risk. More data on",unknown
30,male,3,own,little,,1820,18,car," Based on the provided data, this 30 year old highly skilled male owns his housing. Having little savings indicates limited assets to withstand financial hardship. However, the relatively low $1,820 credit amount and 18 month duration suggests a manageable car loan that should be within his repayment capacity given his skilled job. While more data would allow a more thorough analysis, there are no clear red flags regarding his creditworthiness based on the information provided.",good risk
19,female,1,rent,rich,moderate,983,12,furniture/equipment," Based on the data provided, here is my credit risk analysis:

This is a 19 year old female with an unskilled but resident job. She is currently renting her housing. Her rich saving account and moderate checking account suggest she has a good financial profile. The 983 credit amount likely reflects her furnishings or equipment purchase reason. The 12 month duration is a reasonable loan term for this relatively low four-figure amount.

Overall this appears to be a reasonable credit profile with no",bad risk
39,male,3,free,little,little,3249,36,car," Based on the data provided, this is a 39 year old highly skilled male with a free housing arrangement. He has taken out a 3,249 credit amount loan with a 36 month duration for the purpose of purchasing a car. His saving and checking accounts are categorized as little. Given his skilled job status and moderate loan details for an essential purchase like a car, he seems to present a reasonable credit risk profile. The loan amount and duration are not excessive compared to his income level, and the purpose indicates",good risk
31,female,2,own,little,little,1957,6,radio/TV," Based on the data provided, this is a 31 year old female with a skilled job who owns her own housing. She has requested a 1957 credit amount to be paid back over 6 months for the purpose of a radio/TV purchase. 

With little money in her saving and checking accounts, she does not have substantial funds to make a large purchase outright. The 6 month duration suggests she requires a reasonable monthly payment term to pay back the 1957 credit amount.

While her skilled job status is",unknown
31,male,3,own,little,,2406,9,furniture/equipment," Based on the data provided, here is my credit risk analysis:

This 31 year old male has a highly skilled job, owns his housing, has little savings, and is requesting a 2406 credit amount over 9 month duration to purchase furniture/equipment. His limited savings suggests he may struggle to service the debt, however his highly skilled job status helps offset this risk somewhat. 

Given the credit amount and duration requested, my assessment is that this applicant presents a moderate credit risk. Approving",unknown
32,male,2,rent,moderate,moderate,11760,39,education," Based on the data provided, this 32 year old male has a skilled job and is renting his housing. He has moderate savings and checking account balances. He is requesting a 11,760 credit amount to be paid back over 39 months for education purposes. 

His skilled job status and moderate savings suggest he likely has a reasonable income to make repayments over the longer than average 39 month term. The purpose being for education also implies he is looking to invest in his future earning potential.",unknown
55,female,3,free,little,little,2578,12,furniture/equipment," Based on the data provided, this is a 55 year old highly skilled female with free housing who has taken out a 2578 credit loan with a 12 month duration to purchase furniture or equipment. She has little savings in both her saving and checking accounts. Her profile indicates she likely has a stable income and some financial discipline to accumulate the savings she does have, though they are relatively small. The loan amount and duration seem reasonable given her profile for the stated purpose. I see no obvious red flags from a",unknown
46,male,2,own,little,little,2348,36,furniture/equipment," Based on the data provided, this 46 year old male has a skilled job and owns his housing. He has little money in his saving and checking accounts, and has taken out a 2,348 credit with a 36 month duration to purchase furniture or equipment. 

His age and skilled job status suggest he has a moderate income potential to repay the loan. Owning his housing also indicates some financial stability. However, having little savings suggests limited additional finances to draw from if he encounters difficulty repaying.",unknown
46,male,2,rent,little,moderate,1223,12,car," Based on the data provided, here is my credit risk analysis:

This 46 year old male has a skilled job, rents his housing, has little savings but a moderate checking account. He is requesting a 1223 credit for 12 months to purchase a car. His profile presents low to moderate credit risk overall:

Positives:
- Skilled employment is decently stable income.
- Having a checking account shows some financial responsibility.

Negatives: 
- Renting",unknown
43,female,1,own,rich,,1516,24,radio/TV," Based on the data provided, this 43 year old female has an unskilled but resident job, owns her housing, has a rich saving account, took out a 1516 credit amount loan with a 24 month duration to purchase a radio/TV. 

With an unskilled but resident job, she likely has a steady low income stream. Owning her housing suggests some financial stability and ability to meet housing expenses. A rich saving account indicates responsible financial management and ability to accumulate wealth over time",good risk
39,male,2,own,little,,1473,18,radio/TV," Based on the data provided, this is a 39 year old male with a skilled job who owns his housing. He has little savings and took out a 1473 credit amount over an 18 month duration to purchase a radio/TV. 

With little savings, he may present a moderate credit risk if he were to miss payments or lose his skilled job. The relatively small loan amount and moderate duration are positive signs. Additional data on his income, other debts, and checking account status would help further assess",unknown
28,male,2,own,,moderate,1887,18,business," Based on the data provided, here is my credit risk analysis:

This 28 year old male has a skilled job and owns his housing. He has a moderate checking account. He is requesting a 1887 credit amount for a business purpose, to be paid back over 18 months. 

Given his skilled employment, ownership of housing and moderate assets, he seems to demonstrate a reasonable financial profile. The requested credit amount and duration also appear sensible given his profile. I would assess him as a moderate credit",good risk
27,male,2,own,little,,8648,24,business," Based on the data provided, here is my credit risk analysis:

This 27 year old male has a skilled job and owns his housing. He has little money in his saving accounts. He has taken out an 8,648 credit amount loan for a business purpose, to be paid back over 24 months. 

Given his skilled job, home ownership and the business purpose of the loan, he seems to present low credit risk. The loan amount and duration are also not too high relative to his",good risk
27,male,1,own,little,,802,14,car," Based on the data provided, here is my credit risk analysis:

This 27 year old male has an unskilled but resident job. He owns his housing. With little savings but an unspecified checking account balance, he has requested a 802 credit amount over 14 month duration to purchase a car. 

Given his relatively young age and steady resident employment, he may have reasonable financial stability to repay this medium sized auto loan in the near future. However, his limited savings indicates he has little",unknown
43,male,2,own,,moderate,2899,18,car," Based on the data provided, this 43 year old male has a skilled job and owns his housing. He has a moderate checking account and took out a 2899 credit amount over an 18 month duration to purchase a car. 

As an applicant, his profile indicates a reasonable credit risk. Being skilled and a homeowner suggests financial stability. The moderate checking account activity also points to responsible money management. The credit amount and duration are relatively low for a car purchase, so the loan terms appear manageable",good risk
22,male,2,own,little,moderate,2039,24,radio/TV," Based on the data provided, here is my credit risk analysis:

This 22 year old male has a skilled job and owns his housing. He has little savings but a moderate checking account. He is requesting a $2,039 loan with a 2 year duration to purchase a radio or TV. His employment status and ownership of his housing suggest he has financial stability. The moderate checking account indicates some financial responsibility. While his savings are low, the loan amount and duration seem reasonable given his income level",good risk
43,male,2,own,,,2197,24,car," Based on the provided data, this 43 year old male customer works a skilled job, owns his housing, and is seeking a 2,197 credit amount over a 24 month duration to purchase a car. With a skilled job and owned housing, he seems financially responsible at first glance. However, without further data on his saving and checking account balances, I cannot reliably determine his overall creditworthiness or make a specific recommendation. More data would be needed to complete a thorough credit risk analysis. I avoided speculation",bad risk
27,male,2,own,little,little,1053,15,radio/TV," Based on the data provided, here is my credit risk analysis:

This 27 year old male has a skilled job, owns his housing, has little savings and checking account balances, and is seeking a 1,053 credit amount over 15 months to purchase a radio or TV. His profile presents low to moderate credit risk overall. While his young age and lack of significant savings suggest some risk, his skilled employment status and ability to cover housing expenses are positive signs. The loan amount and duration are also",unknown
26,male,3,own,quite rich,,3235,24,radio/TV," Based on the data provided, this 26 year old highly skilled male has an own housing situation and quite rich saving accounts. He has taken out a credit amount of 3235 for a duration of 24 months, with the purpose of purchasing a radio/TV. 

Given his young age, highly skilled job status, ownership of housing and substantial savings, he seems to demonstrate financial stability and responsibility. The credit amount and duration seem reasonable for the stated purpose. Overall there appears to be low credit risk in",good risk
28,male,2,own,quite rich,rich,939,12,car," Based on the data provided, here is my credit risk analysis:

This 28 year old male has a skilled job, owns his housing, and has quite rich saving accounts as well as a rich checking account. He is requesting a 939 credit amount for a 12 month car loan. His financial position looks very good for approving this loan. The large savings and checking accounts indicate he has cash reserves and responsible money management. His skilled job provides secure employment income to pay back the loan. The loan",good risk
20,female,2,own,little,moderate,1967,24,radio/TV," Based on the data provided, here is my credit risk analysis:

This is a 20 year old female with a skilled job and living in her own housing. She has a little savings account and a moderate checking account. She is requesting a 1967 credit amount to be paid back over 24 months for the purpose of a radio/TV purchase.

Given her relatively young age, steady skilled employment, ownership of her housing and some demonstrated financial responsibility with her checking and savings accounts, I would assess",unknown
35,male,3,own,little,,7253,33,car," Based on the data provided, here is my credit risk analysis:

This 35 year old male has a highly skilled job, owns his housing, has little savings, and is requesting a 7253 credit amount over 33 months to purchase a car. His limited savings indicates he may not have a strong financial cushion to rely on if he runs into difficulty repaying the loan. However, his highly skilled job status and housing ownership suggest he has financial stability. The loan amount and duration seem reasonable given the",unknown
42,male,3,own,little,,2292,12,business," Based on the data provided, here is my credit risk analysis:

This 42 year old male has a highly skilled job, owns his housing, has little savings, and took out a 2292 credit amount over 12 month duration for a business purpose. His profile indicates low default risk for the following reasons:

- Highly skilled job implies steady income to pay back the loan.

- Owning housing suggests financial stability. 

- The loan amount is relatively low compared to income",unknown
40,male,1,rent,quite rich,,1597,10,car," Based on the data provided, here is my credit risk analysis:

This 40 year old male has an unskilled but resident job. He is currently renting his housing. His saving accounts are quite rich, indicating he has solid savings built up. He is seeking a credit amount of 1597 over a 10 month duration, to purchase a car. 

Given his stable residency status and ample savings balance, I would rate him as low risk for defaulting on this relatively small,",unknown
35,female,2,own,,little,1381,24,car," Based on the data provided, here is my credit risk analysis:

This 35 year old female has a skilled job and owns her housing. She has a little checking account and took out a 1381 credit amount over a 24 month duration to purchase a car. 

Given her skilled job and owned housing, she seems to have a reasonable financial profile. The 1381 credit amount over 24 months for a car purchase also appears responsible. Having some basic checking account activity is preferable to none.",good risk
35,male,2,own,little,,5842,36,car," Based on the data provided, this 35 year old male has a skilled job and owns his housing. He has little money in his saving accounts and has taken out a 5842 credit amount loan with a 36 month duration to purchase a car. 

As he is skilled and a homeowner, he seems financially responsible. The 36 month loan term is reasonable for a car purchase. However, having only little savings could indicate he lives paycheck to paycheck without much of a financial cushion. ",unknown
33,male,1,own,little,little,2579,12,car," Based on the data provided, here is my credit risk analysis:

This 33 year old male has an unskilled but resident job. He owns his house and has little savings in both his saving and checking accounts. He is requesting a $2,579 car loan for 12 months. 

Given his stable residency and home ownership, I would consider him low risk for this relatively small, short term car loan. The limited savings is somewhat concerning but overall I think this person has demonstrate",good risk
23,female,2,rent,,little,8471,18,education," Based on the provided data, this appears to be a 23 year old female with a skilled job who rents housing. She has a little checking account and took out an 18 month, $8,471 loan for education purposes. 

As she is young and skilled, she likely has income potential to repay the loan, though the loan amount is substantial compared to the size of her checking account. The purpose being for education is also a positive factor.

Given the data available, I would rate",unknown
31,female,3,own,quite rich,,2782,21,car," Based on the data provided, this 31 year old highly skilled female owns her residence, has quite rich saving accounts, and is seeking a 21 month, $2,782 car loan. Her credit worthiness depends on several factors. Being highly skilled and an owner are positive signs. The 21 month duration and purpose for a car loan also seem reasonable. Most favorably, her quite rich saving accounts suggest financial stability and the ability to make regular loan payments over the duration. Given the data available, she",good risk
33,female,2,own,,moderate,1042,18,car," Based on the data provided, this 33 year old female has a skilled job and owns her housing. She has a moderate checking account and took out a $1,042 car loan with an 18 month duration. As a skilled worker who owns her home, she presents a low-moderate credit risk. The moderate checking account and medium sized car loan over 18 months are reasonable for her profile. I cannot make assessments of her saving accounts as that data was not provided. Overall she seems to present a reasonable",good risk
20,female,2,rent,rich,,3186,15,car," Here is my credit risk analysis for the provided person:

The 20 year old female has a skilled job and rents her housing. She has rich saving accounts, indicating good financial habits. She is requesting a 3186 credit amount to purchase a car, to be paid back over 15 months. 

Given her young age, steady skilled employment, responsible saving behavior and moderate loan amount and duration, I assess her as a low to moderate credit risk. The purpose is reasonable and she seems financially responsible",good risk
30,male,2,own,,moderate,2028,12,car," Based on the data provided, here is my credit risk analysis:

This 30 year old male has a skilled job and owns his housing. He has a moderate checking account. He is requesting a $2,028 car loan for 12 months. His income and assets suggest he should be able to repay this loan without issue. The loan amount and duration seem reasonable given his profile. I see low to moderate risk in approving this application.",good risk
47,male,1,own,little,moderate,958,12,car," Based on the data provided, this 47 year old male has an unskilled but resident job, owns his housing, has little savings but a moderate checking account, was approved for a 958 credit amount over 12 month duration to purchase a car. 

His age and stable residency are positives, though the unskilled job status is less ideal. The moderate checking account demonstrates some financial responsibility. The limited savings coupled with a nearly $1,000 car loan for a full year are risks",unknown
34,male,3,own,moderate,,1591,21,furniture/equipment," Based on the data provided, this 34 year old male has a highly skilled job and owns his housing. He has a moderate level of savings and was approved for a 1591 credit amount over a 21 month duration to purchase furniture or equipment. 

His highly skilled job and ownership of his housing suggest he likely has a steady income stream and assets, indicating an ability to repay debts. The moderate savings provides additional financial stability. The 1591 credit amount over a 21 month term for purchasing furniture is a",good risk
25,female,2,own,,moderate,2762,12,furniture/equipment," Based on the data provided, here is my credit risk analysis:

This 25 year old female has a skilled job and owns her housing. She has a moderate checking account. She is requesting a 2,762 credit amount over a 12 month duration to purchase furniture/equipment. 

Given her relatively young age, steady skilled employment, home ownership and moderate assets, I would consider her to be a low to moderate credit risk. The loan amount and duration seem reasonable for her profile and stated purpose",good risk
21,male,2,rent,little,moderate,2779,18,car," Based on the data provided, here is my credit risk analysis:

This 21 year old male has a skilled job and is currently renting his housing. He has little savings but a moderate checking account balance. He is requesting a 2,779 credit amount to purchase a car, to be paid back over 18 months. 

Given his relatively young age, skilled job status, moderate checking account balances, and reasonable loan purpose and duration, I would assess him as a moderate credit risk. The",unknown
29,male,2,own,little,,2743,28,radio/TV," Based on the data provided, here is my credit risk analysis:

This 29 year old male has a skilled job and owns his housing. He has little savings, which indicates limited financial resources to withstand income disruptions. However, the requested credit amount of 2,743 and duration of 28 months seem reasonable given his profile. 

The purpose of the loan being for a radio/TV purchase hints that it is likely a consumer discretionary expense rather than a necessity. While not very risky,",unknown
46,male,2,own,rich,,1149,18,radio/TV," Based on the data provided, here is my credit risk analysis:

This 46 year old male customer has a skilled job, owns his housing, and has a rich saving account. He is requesting a credit amount of 1149 over a 18 month duration to purchase a radio/TV. His profile indicates he likely has a moderate to high income and assets to repay the loan. The loan amount and duration seem reasonable given his profile. 

Overall I would rate this as a low to moderate credit",good risk
20,male,2,own,little,,1313,9,furniture/equipment," Based on the provided data, this is a 20 year old male with a skilled job who owns their housing. They have a small amount of savings and have requested a $1,313 loan for a 9 month term to purchase furniture or equipment. Given their young age and skilled employment status, their limited savings is understandable. The loan amount and duration seem reasonable for the stated purpose. I cannot make definitive statements about their checking account or overall creditworthiness without more data, but there are no immediate re",unknown
55,female,0,free,little,little,1190,18,repairs," Based on the data provided, here is my credit risk analysis:

The applicant is a 55 year old female with an unskilled and non-resident job. She lives in free housing and has little savings in both her saving and checking accounts. She has applied for a relatively small credit amount of 1190 for a duration of 18 months to fund repairs. 

Given her limited income, minimal savings and need for repairs, she likely has a tight budget. The credit amount is on the",unknown
74,male,1,own,little,,3448,5,business," Based on the provided data, here is my credit risk analysis:

This 74 year old male has an unskilled but resident job, lives in his own housing, has little savings, and is requesting a 3,448 credit amount over 5 months for a business purpose. His limited savings coupled with both his advanced age and unskilled job indicate a higher credit risk profile. However, the relatively small loan amount over a short duration for a business purpose provides some offsetting mitigation to the",bad risk
29,male,3,own,little,moderate,11328,24,vacation/others," Based on the data provided, here is my credit risk analysis:

This 29 year old male has a highly skilled job, owns his housing, has little savings but a moderate checking account balance. He is requesting a 11,328 credit amount to be paid back over 24 months for the purpose of vacation or other personal expenses. 

Given his highly skilled job which indicates a good income level, home ownership showing financial stability, and moderate checking account balances, I would assess him to be a relatively",unknown
36,male,3,free,little,little,1872,6,furniture/equipment," Based on the data provided, here is my credit risk analysis:

This 36 year old male has a highly skilled job and lives in free housing, indicating a relatively stable financial situation. With little savings and checking accounts, his current liquid assets seem limited. He is requesting a 1872 credit amount to be paid back over 6 months, likely for purchasing furniture or equipment. 

The short 6 month duration is reasonable for a consumer loan of this size. His highly skilled job provides good income to pay",unknown
33,male,2,own,little,,2058,24,repairs," Based on the data provided, this 33 year old male has a skilled job and owns his housing. He has little savings and has taken out a 2058 credit amount over 24 month duration for the purpose of repairs. His credit profile indicates he likely has the means to repay the loan based on stable employment and home ownership. However, the limited savings poses some risk if he were to face income disruption. Additional data on other credit obligations or checking account status would help further assess creditworthiness. But base",good risk
25,male,2,own,little,little,2136,9,furniture/equipment," Based on the data provided, here is my credit risk analysis:

This 25 year old male has a skilled job and owns his housing. He has little savings in both his saving and checking accounts. He is requesting a $2,136 loan for a duration of 9 months to purchase furniture or equipment. 

Given his relatively young age, steady skilled employment, home ownership, and moderate loan request for an essential purpose, I would rate him as a low to moderate credit risk. The relatively",good risk
25,male,2,own,,moderate,1484,12,radio/TV," Based on the data provided, here is my credit risk analysis:

This 25 year old male has a skilled job and owns his housing. He has a moderate checking account. He is requesting a credit amount of 1484 for a duration of 12 months to purchase a radio/TV. 

Given his relatively young age, stable skilled employment, home ownership and moderate checking account balance, he seems to demonstrate a reasonable financial profile. The credit amount requested is moderate and duration is short term. The",good risk
23,male,1,rent,quite rich,,660,6,repairs," Based on the limited data provided, here is my credit risk analysis:

This 23 year old male has an unskilled but resident job. He rents his housing. His saving accounts are quite rich. He has requested a 660 credit amount to be paid back over 6 months for the purpose of repairs. 

Given his young age, stable residency and employment, and substantial savings, he seems to present low credit risk. The loan amount and duration are also relatively small. As such",good risk
37,female,2,own,rich,,1287,24,car," Based on the data provided, here is my credit risk analysis:

This 37 year old female has a skilled job and owns her housing. She has a rich saving account, indicating good financial habits. She is requesting a 1287 credit amount to purchase a car, to be paid back over 24 months. 

Given her stable employment, ownership of her housing, and strong saving habits, she presents a low credit risk. The moderate credit amount and 2 year duration are reasonable for her profile.",good risk
65,male,0,own,little,little,3394,42,repairs," Based on the data provided, here is my credit risk analysis:

This 65 year old male has an unskilled and non-resident job. He owns his housing. His saving and checking accounts both have little funds. He is requesting a 3,394 credit amount to be paid back over 42 months for the purpose of repairs. 

Given his age, he likely has limited income potential before retirement. His unskilled and non-resident job status also indicates lower income. The little",unknown
26,female,0,own,little,rich,609,12,business," Based on the data provided, here is my credit risk analysis:

This is a 26 year old female with an unskilled and non-resident job. She owns her housing. Her saving accounts are categorized as little, while her checking account is rich. She has requested a 609 credit amount over a 12 month duration, with the purpose being for business.

Given her young age, female gender, unstable job, and small savings account, she may present a moderate credit risk.",unknown
39,male,3,own,little,,1884,12,car," Based on the data provided, here is my credit risk analysis:

This 39 year old male has a highly skilled job, owns his housing, has little savings, and is seeking a 1884 credit amount over 12 months to purchase a car. His limited savings indicates he has little financial cushion, which could make him higher risk if he encounters hardship repaying the loan. However, his highly skilled job status and housing ownership suggest he has financial stability. The moderate loan amount and duration seem reasonable given his",unknown
30,female,2,own,little,little,1620,12,furniture/equipment," Based on the data provided, this is a 30 year old female with a skilled job who owns her own housing. She has little savings in both her saving and checking accounts. She has taken out a moderate size loan of $1,620 for a duration of 12 months to purchase furniture or equipment. 

Given her skilled employment, ownership of her housing and moderate loan amount, she seems to demonstrate a reasonable financial profile. The relatively short 12 month duration of her loan also suggests she expects to pay",good risk
29,male,2,own,little,moderate,2629,20,vacation/others," Based on the data provided, here is my credit risk analysis:

This 29 year old male has a skilled job, owns his housing, has little savings but a moderate checking account. He is requesting a $2,629 loan for 20 months to be used for a vacation or other personal expenses. 

His relatively young age, steady skilled employment and ownership of his housing suggest he has a basis for financial stability. The moderate checking account indicates he actively uses banking services to manage finances. However",unknown
41,male,1,own,little,,719,12,education," Based on the data provided, this 41 year old male has an unskilled but resident job, lives in his own housing, has little savings, took out a 719 credit amount loan with a 12 month duration to pay for education. Having little savings indicates he likely has limited financial resources to draw from if he encounters difficulty repaying the loan. The relatively small loan amount and short duration help mitigate default risk. Overall I would rate this as a medium credit risk application considering the applicant's job an",unknown
30,female,3,own,little,moderate,5096,48,furniture/equipment," Based on the data provided, here is my credit risk analysis:

The applicant is a 30 year old female with a highly skilled job. She owns her housing. She has little savings but a moderate checking account balance. She is requesting a $5,096 loan for a duration of 48 months, to purchase furniture or equipment.

Some positive factors regarding credit risk:
- The applicant is relatively young at 30 years old. Younger borrowers tend to have better income stability.  ",unknown
41,female,1,rent,,,1244,9,education," Based on the limited data provided, here is my credit risk analysis:

The applicant is a 41 year old female with an unskilled but resident job. She is currently renting her housing. She has taken out a credit of 1,244 monetary units for an educational purpose, to be repaid over 9 months. 

Unfortunately there is no data provided on her saving or checking accounts, so I cannot assess if she has little, moderate or rich accounts. 

The credit amount",unknown
34,female,2,own,little,little,1842,36,car," Based on the data provided, this 34 year old female has a skilled job and owns her housing. She has little savings in both her saving and checking accounts. She has taken out a 1842 credit amount loan for 36 month duration to purchase a car. 

With little savings accounts, she may have limited financial cushion to cover the loan payments if her income is disrupted. The 36 month duration is moderately long for an 1842 loan amount. Her skilled job status is reasonably positive in assessing her ability",bad risk
35,male,2,own,little,moderate,2576,7,radio/TV," Based on the data provided, here is my credit risk analysis:

This 35 year old male has a skilled job and owns his housing. He has little savings but a moderate checking account. He is requesting a 2,576 credit loan for 7 months to purchase a radio/TV. 

Given his skilled employment, home ownership, and moderate use of checking accounts, he seems to demonstrate financial responsibility that would indicate he may be able to repay this relatively small, short-term loan for a",good risk
55,female,3,own,,rich,1424,12,furniture/equipment," Based on the data provided, here is my credit risk analysis:

This is a 55 year old female with a highly skilled job. She owns her housing. Her checking account is categorized as rich, indicating substantial assets. She has requested a credit amount of 1424 for a duration of 12 months, to purchase furniture or equipment. 

Given her age, employment status and home ownership - which represent stability - along with a rich checking account, she appears to represent a low credit risk. The",good risk
61,male,2,own,rich,moderate,1512,15,repairs," Based on the data provided, here is my credit risk analysis:

This 61 year old male customer has a skilled job, owns his housing, has a rich saving account, a moderate checking account, and is requesting a 1512 credit amount over 15 months for the purpose of repairs. His skilled job status and substantial savings indicate he likely has a stable income to make repayments. The moderate checking activity also suggests responsible spending habits. The relatively low credit amount compared to his savings reduces risk, an",unknown
30,male,3,own,,,11054,36,car," Based on the data provided, here is my credit risk analysis:

This 30 year old male has a highly skilled job, owns his housing, and is seeking a 36 month car loan of $11,054. His credit risk profile is quite strong given his skilled employment, home ownership, and reasonable loan amount and duration for the purpose of a car purchase. I cannot make inferences about his saving or checking account balances since that data was not provided. Overall, he seems like a good credit risk",good risk
29,female,2,own,little,,518,6,radio/TV," Based on the data provided, here is my credit risk analysis:

This 29 year old female has a skilled job and owns her housing. She has little savings and is requesting a 518 credit amount to be repaid over 6 months for the purpose of a radio or TV. 

Given that she is skilled and a homeowner, she likely has a steady income stream to repay the loan. The loan amount and duration are also relatively low. Having little savings is somewhat concerning for backup funds if",unknown
34,male,2,own,little,,2759,12,furniture/equipment," Based on the data provided, this 34 year old male has a skilled job and owns his housing. He has little savings and has taken out a 2,759 credit amount loan for a 12 month duration, with the purpose of purchasing furniture/equipment. 

His skilled employment situation and ownership of housing suggest a moderate degree of financial stability. The relatively small loan amount over a medium duration for household needs is reasonable given his savings level. Overall this appears to represent an acceptable level of credit risk, though",good risk
35,male,3,own,little,,2670,24,car," Based on the data provided, here is my credit risk analysis:

This 35 year old male has a highly skilled job, owns his housing, has little savings, and is requesting a 2670 credit amount over 24 months to purchase a car. His limited savings indicates he likely lives paycheck to paycheck, so an extended loan duration signals he requires lower monthly payments. While his highly skilled job implies a steady income to make payments, the total loan amount is high relative to his savings, presenting",unknown
31,male,2,own,little,little,4817,24,car," Based on the data provided, here is my credit risk analysis:

This 31 year old male has a skilled job, owns his housing, has little savings and checking account balances, and is seeking a 4817 credit amount over 24 months to purchase a car. His profile presents a moderate credit risk overall. While his skilled job and housing ownership status are positives, his limited savings likely indicates limited financial resilience to potential income disruptions that could hamper his ability to service debt. The 24 month duration",unknown
29,female,3,own,little,,2679,24,car," Based on the data provided, here is my credit risk analysis:

This 29 year old female has a highly skilled job, owns her housing, has little savings, and is requesting a 2,679 credit amount over 24 months to purchase a car. Her limited savings suggests she may have limited financial buffers, which could increase default risk. However, her highly skilled job and owned housing indicate financial stability, which helps offset the lower savings amount. The 24 month loan term is relatively short compared to other",unknown
36,male,2,rent,little,little,3905,11,car," Based on the data provided, here is my credit risk analysis:

This 36 year old male has a skilled job and is currently renting his housing. He has little savings in both his saving and checking accounts. He is requesting a 3,905 credit amount to purchase a car, to be paid back over 11 months. 

Given his skilled employment, ability to make rental payments, and moderate loan amount and duration, he seems to present low-to-moderate credit risk. The limite",unknown
35,male,2,free,little,little,3386,12,car," Based on the data provided, here is my credit risk analysis:

This 35 year old male has a skilled job and lives in free housing. He has little money in his saving and checking accounts. He is requesting a 3,386 credit amount to purchase a car, to be paid back over 12 months. 

Given his skilled job, the loan duration is relatively short at 12 months and the loan amount is moderate compared to his income level. The purpose being to purchase a car is reasonable",good risk
27,female,2,own,little,little,343,6,domestic appliances," Based on the data provided, this is a 27 year old female with a skilled job who owns her own housing. She has little money in both her saving and checking accounts, and is seeking a 343 credit amount over 6 month duration to purchase domestic appliances. 

With her skilled job, ownership of her housing, and moderate 6 month loan duration, she presents a reasonable credit risk despite having limited funds in her current accounts. The credit amount requested is also relatively low compared to her likely income. I",good risk
32,male,2,own,little,,4594,18,radio/TV," Based on the data provided, this 32 year old male has a skilled job and owns his housing. His saving account balance is relatively low, indicating limited financial reserves. He has taken out a 4,594 credit amount loan with an 18 month duration, stating the loan purpose is to purchase a radio or TV. 

With a skilled job, ownership of his housing, and the moderate size and duration of the loan compared to his income level, this appears to be a reasonable loan amount and purpose.",unknown
37,male,2,own,little,little,3620,36,furniture/equipment," Based on the data provided, here is my credit risk analysis:

The applicant is a 37 year old male with a skilled job. He owns his housing. This indicates a moderate level of financial stability. He has little money in his saving and checking accounts. This suggests limited assets and liquidity. He is requesting a 36 month loan of $3,620 to purchase furniture or equipment. The loan amount is moderate but the duration is longer than average.

Overall I would rate this applicant",unknown
36,male,2,own,little,little,1721,15,car," Based on the provided data, this 36 year old male has a skilled job and owns his housing. He has little savings in both his saving and checking accounts. He is seeking a $1,721 car loan for a duration of 15 months. 

With little savings buffers, he exhibits some credit risk especially for a longer-term loan. However, his skilled employment status and housing ownership do provide some financial stability. 

I would recommend assessing his income streams and existing debt obligations to determine",unknown
34,female,3,rent,little,moderate,3017,12,furniture/equipment," Based on the data provided, this 34 year old highly skilled female has a moderate checking account and little savings. She is renting her housing and has requested a 3,017 credit amount over 12 month duration to purchase furniture or equipment. 

As a highly skilled renter, she represents a reasonably good credit risk despite having limited savings. The moderate checking account and small loan amount over a short duration suggest she has the income and financial responsibility to repay this loan for furniture/equipment.

Overall",unknown
38,male,2,own,,moderate,754,12,education," Based on the data provided, here is my credit risk analysis:

This 38 year old male has a skilled job, owns his housing, has a moderate checking account, and is requesting a 754 credit amount over 12 months for education purposes. His moderate checking account indicates a reasonable financial profile. The credit amount requested along with the 12 month duration seems reasonable given his profile for funding educational expenses. Overall I would rate this as a low to moderate credit risk.",good risk
34,male,2,own,little,,1950,18,business," Based on the data provided, here is my credit risk analysis:

This 34 year old male has a skilled job and owns his housing. He has little savings, indicating limited financial buffers. He is requesting a 1,950 credit amount to be paid back over 18 months for business purposes. His credit risk profile is moderately risky given the limited savings reserves and relatively large loan amount compared to income level. Approving a loan depends on further details not provided such as his income, existing debts, an",unknown
63,male,2,own,little,little,2924,24,car," Based on the data provided, here is my credit risk analysis:

This 63 year old male customer has a skilled job, owns his housing, has little savings and checking accounts, and is requesting a $2,924 auto loan for 24 months. His age, home ownership status, and skilled employment suggest he may have a steady income stream to repay the 2 year auto loan, which is a medium loan amount compared to averages. However, having little money in his saving and checking accounts indicates limite",unknown
29,female,1,rent,little,little,1659,24,radio/TV," Based on the data provided, here is my credit risk analysis:

This 29 year old female customer has an unskilled but resident job. She is currently renting her housing. Her saving accounts are categorized as little and she also has a little checking account. She has applied for a 1659 credit amount to be paid back over 24 months. The purpose of the loan is to purchase a radio or TV. 

Given that she has a steady job, even if unskilled,",unknown
32,male,2,own,,,7238,48,radio/TV," Based on the limited data provided, here is my credit risk analysis:

This 32 year old male customer has a skilled job, owns his housing, and is requesting a 7,238 credit amount over a 48 month duration to purchase a radio/TV. His skilled job status suggests a moderate and steady income to make the required payments over the duration. Home ownership also suggests financial responsibility. The credit amount and duration seem reasonable given this profile. 

Unfortunately there is no data provided on his saving",unknown
26,female,2,own,little,,2764,33,business," Based on the data provided, here is my credit risk analysis:

This is a 26 year old female with a skilled job and owns her housing. She has little savings and is requesting a 2764 credit amount over 33 months for a business purpose. 

As a skilled worker who owns her home, she likely has a reasonable income stream to support repayment. However, the limited savings indicates she may not have a substantial asset buffer. The business purpose and medium credit amount poses an elevated risk,",unknown
35,male,1,own,little,,4679,24,car," Based on the provided data, here is my credit risk analysis:

This 35 year old male has an unskilled but resident job. He owns his housing. His saving account balance is relatively small. He has requested a 4679 credit amount to be paid back over 24 months for the purpose of purchasing a car. 

Overall, there are some positive credit factors but also some areas of concern:

Positives:
- He is employed and a resident 
- He owns",unknown
22,male,2,rent,moderate,moderate,3092,24,radio/TV," Based on the data provided, here is my credit risk analysis:

This 22 year old male has a skilled job and is currently renting his housing. He has moderate savings and checking account balances. He has applied for a $3,092 credit amount to be repaid over 24 months for the purpose of a radio/TV purchase. 

Given his skilled employment status and moderate savings, he seems to demonstrate responsible financial management ability. The loan amount is also not large relative to his job",good risk
23,female,2,own,little,little,448,6,education," Based on the data provided, here is my credit risk analysis:

This 23 year old female has a skilled job and owns her housing. She has little savings in both her saving and checking accounts. She is seeking a 6 month, 448 unit credit loan for education purposes. 

Given her relatively young age, stable skilled employment status, and that she owns her home, she seems to demonstrate financial responsibility that makes her loan purpose reasonable. The moderate loan amount and duration also seem practical given",unknown
28,male,1,own,little,little,654,9,car," Based on the data provided, here is my credit risk analysis:

The borrower is a 28 year old male with an unskilled but resident job. He owns his housing. His saving and checking accounts are categorized as ""little"". He is requesting a 654 credit amount to purchase a car, with a 9 month duration.

Given his relatively young age, stable residency and job, and moderate credit amount and duration, he seems like a reasonable credit risk. The main area of",unknown
36,male,3,own,,,1238,6,education," Based on the provided personal data, here is my credit risk analysis:

This 36 year old male has a highly skilled job, owns his housing, and is seeking a 1238 credit amount over 6 months for education purposes. His profile indicates he likely has the income and assets to manage this loan successfully. Without data on his saving and checking accounts, I cannot assess if he has additional financial reserves, but his job status is a positive sign. 

The 6 month duration is relatively short compare",unknown
33,male,2,own,little,moderate,1245,18,radio/TV," Based on the data provided, this is a 33 year old male with a skilled job who owns his housing. He has requested a credit amount of 1245 over a duration of 18 months to purchase a radio/TV. 

Given his skilled job status and home ownership, he seems to demonstrate some financial stability. The requested loan amount and duration are also relatively moderate. However, his limited savings could indicate that he has little margin for error in repaying the loan. 

Overall there are some",unknown
26,female,2,rent,little,little,3114,18,furniture/equipment," Based on the data provided, here is my credit risk analysis:

This is a 26 year old female with a skilled job who rents her housing. She has little savings and a little amount in her checking account. She has applied for a moderately sized loan of 3114 units for a duration of 18 months to purchase furniture or equipment. 

Given her relatively young age, steady skilled employment, and moderate loan amount compared to her income level, she seems like a reasonable credit risk. The purpose",unknown
24,male,2,own,quite rich,,2569,39,car," Based on the data provided, here is my credit risk analysis:

This is a 24 year old male with a skilled job who owns his housing. He has quite rich saving accounts and has requested a credit amount of 2569 over a duration of 39 months to purchase a car. 

Given his young age, steady skilled employment, home ownership and substantial savings, he presents a low credit risk profile. The credit amount and duration seem reasonable given his profile to purchase a car. I would recommen",good risk
25,male,2,own,little,rich,5152,24,radio/TV," Based on the data provided, here is my credit risk analysis:

This 25 year old male has a skilled job and owns his housing. He has little savings but a rich checking account. He is requesting a 5152 credit amount to be paid back over 24 months for the purpose of a radio/TV purchase. 

Given his skilled employment, ownership of his housing and rich checking account balances, he seems to demonstrate an ability to manage his finances responsibly. The loan amount and duration seem",unknown
39,male,1,own,moderate,moderate,1037,12,business," Based on the data provided, here is my credit risk analysis:

This 39 year old male has an unskilled but resident job, owns his housing, has moderate savings and checking accounts, and is requesting a 1037 credit amount over 12 months for business purposes. The moderate savings and checking accounts indicate a reasonable financial profile. The relatively low credit amount over a short duration for a business purpose seems reasonable for his profile. Overall I would rate this as a low-moderate credit risk. More",unknown
44,male,2,own,little,little,1478,15,furniture/equipment," Based on the data provided, this 44 year old male has a skilled job and owns his housing. He has both little savings and a little checking account. He is seeking a loan of 1478 units over 15 months to purchase furniture or equipment. 

His age and skilled job status suggest he has a moderate credit risk profile. The relatively small loan amount over a medium duration for furniture or equipment also indicates a reasonable credit request given his limited savings. 

I would likely approve this application based on",unknown
23,female,1,own,little,moderate,3573,12,radio/TV," Based on the data provided, here is my credit risk analysis:

This 23 year old female has an unskilled but resident job, lives in her own housing, has little savings but a moderate checking account, has requested a 3,573 credit amount to be paid back over 12 months for the purpose of a radio/TV purchase. 

Given her young age, steady job and residence status, moderate checking account activity and ability to afford her own housing, I would assess her as",unknown
26,male,2,own,little,moderate,1201,24,car," Based on the data provided, here is my credit risk analysis:

This 26 year old male has a skilled job, owns his housing, has little money in his savings account, a moderate amount in his checking account, and is seeking a 1,201 credit amount over 24 months to purchase a car. 

Given his skilled job and ownership of his housing, he seems to have a reasonable financial foundation. The moderate checking account indicates some financial stability as well. However, having little savings does",unknown
57,female,2,rent,rich,little,3622,30,furniture/equipment," Based on the data provided, here is my credit risk analysis:

This is a 57 year old female with a skilled job who is renting her housing. She has a rich saving account but a little checking account. She is requesting a 3622 credit amount for a 30 month duration in order to purchase furniture/equipment.

Given that she is middle aged, employed in a skilled position, and has substantial personal savings, she presents a fairly low credit risk. The decent size of the",unknown
30,female,2,own,rich,,960,15,furniture/equipment," Based on the data provided, here is my credit risk analysis:

This 30 year old female has a skilled job and owns her residence. She has a rich saving account, indicating good financial habits. She is requesting a 960 credit amount to be paid back over 15 months for the purpose of buying furniture/equipment. 

Given her skilled job, home ownership, and rich savings account, she presents a low credit risk. The 15 month duration is reasonable for the 960 credit amount.",good risk
44,male,2,own,quite rich,,1163,12,car," Based on the data provided, this 44 year old male has a skilled job and owns his housing. He has quite rich saving accounts and has taken out a 1163 credit amount loan with a 12 month duration to purchase a car. 

As he is skilled and a homeowner with substantial savings, he seems to demonstrate financial stability and responsibility. The moderate size and duration of the car loan should be manageable for him. Overall he looks to be a reasonably good credit risk.",good risk
47,male,3,own,little,moderate,1209,6,car," Based on the data provided, here is my credit risk analysis:

This 47 year old male has a highly skilled job, owns his housing, has little savings but a moderate checking account, and is requesting a 1209 credit amount over 6 months to purchase a car. His profile indicates a relatively low credit risk overall:

- Age and job skills suggest an established career and earnings. Highly skilled roles tend to have higher and more stable salaries. 

- Owning his housing also",unknown
52,male,2,own,little,,3077,12,radio/TV," Based on the data provided, here is my credit risk analysis:

This 52 year old male has a skilled job and owns his housing. He has little savings and requested a 3077 credit amount over 12 months to purchase a radio/TV. His limited savings poses some additional risk if he were to default on the loan. However, his skilled employment status and ownership of housing property provide stability and reduce the overall risk somewhat. The loan amount and duration are reasonable for his profile.

I",unknown
62,female,2,free,little,,3757,24,car," Based on the data provided, here is my credit risk analysis:

This 62 year old female has a skilled job and lives in free housing, indicating a moderately stable financial situation. She has little savings, which provides limited financial flexibility. She has requested a $3,757 car loan with a 2 year duration. The purpose being to purchase a car is reasonable given her age and job status. 

With little savings, I would recommend a slightly higher interest rate to account for the elevated credit",unknown
35,male,1,rent,moderate,,1418,10,car," Based on the data provided, here is my credit risk analysis:

This 35 year old male has an unskilled but resident job. He is currently renting his housing. His saving accounts are moderate, indicating a reasonable amount of savings. He has requested a credit amount of 1418 for a 10 month car loan. 

The moderate savings account balances demonstrate some financial responsibility, which helps compensate for his unskilled job status. The loan duration and purpose seem reasonable given the credit amount",good risk
26,male,2,rent,little,,3518,6,car," Based on the data provided, here is my credit risk analysis:

This 26 year old male has a skilled job and rents his housing. He has little savings, which indicates limited financial resources to withstand income disruptions. However, the requested credit amount of $3,518 and 6 month duration suggest he is not overextending himself financially. The stated purpose is to purchase a car, which is a reasonable and common need for credit.

Given his skilled employment, moderate requested loan amount",unknown
26,male,2,own,little,,1934,12,radio/TV," Based on the data provided, this 26 year old male has a skilled job and owns his housing. He has little savings, which indicates limited financial resources. He is seeking a $1,934 loan for a radio/TV over a 12 month duration. 

Given his skilled job he likely has steady income to make repayments, however the limited savings coupled with a consumer loan for an entertainment purchase like a radio/TV could present some credit risk. Approval may require verifying his income to",unknown
42,female,3,free,little,moderate,8318,27,business," Based on the data provided, here is my credit risk analysis:

The applicant is a 42 year old female with a highly skilled job. She lives in free housing, indicating financial stability. She has little savings but a moderate checking account. She is requesting an 8318 credit amount for a business purpose, to be paid back over 27 months.

The applicant seems to demonstrate financial responsibility through steady housing and employment. A moderate checking account also indicates ability to make regular payments. The purpose for",unknown
27,female,2,own,moderate,,1237,6,radio/TV," Based on the data provided, here is my credit risk analysis:

This is a 27 year old female with a skilled job. She owns her housing. Her savings account balance is in the moderate range. She has requested a credit amount of 1237 for the purpose of purchasing a radio or TV, to be paid back over 6 months.

Given her relatively young age, skilled job status, home ownership, and moderate savings balance, she seems to demonstrate a reasonable financial profile. The requeste",unknown
38,male,2,own,,moderate,368,6,radio/TV," Based on the data provided, here is my credit risk analysis:

This 38 year old male has a skilled job and owns his housing. He has a moderate checking account. He is requesting a credit amount of 368 over a duration of 6 months to purchase a radio/TV. 

Given that he is employed in a skilled position and owns his residence, he likely has a steady income stream and assets, suggesting he has the means to repay the loan. The moderate checking account also indicates some",good risk
39,male,1,rent,little,little,2122,12,car," Based on the data provided, here is my credit risk analysis:

This 39 year old male has an unskilled but resident job. He is currently renting his housing. His saving and checking accounts are categorized as little. He has applied for a $2122 car loan to be paid back over 12 months. 

Given his stable residency status and employment, the limited savings is understandable. The loan amount and duration seem reasonable given his profile. The purpose being an automobile suggests this",unknown
20,male,2,own,,little,2996,24,furniture/equipment," Based on the data provided, here is my credit risk analysis:

This is a 20 year old male with a skilled job. He owns his housing and has a little checking account. He is requesting a credit amount of 2996 over a 24 month duration to purchase furniture/equipment. 

Given his relatively young age and skilled employment status, he seems to have a reasonable financial profile. The fact that he owns his housing also demonstrates some financial stability. While his checking account balance is on the",unknown
29,male,3,rent,moderate,moderate,9034,36,furniture/equipment," Based on the data provided, here is my credit risk analysis:

This 29 year old male has a highly skilled job, rents his housing, has moderate saving and checking account balances, and is requesting a 36 month, $9,034 loan to purchase furniture or equipment. His profile indicates a low credit risk for the following reasons:

- Young borrowers tend to have lower default rates as they are early in their careers and have future earning potential. 

- Being highly skilled generally",unknown
40,male,2,own,little,,1585,24,furniture/equipment," Based on the data provided, here is my credit risk analysis:

This 40 year old male has a skilled job and owns his housing. He has little savings, which indicates limited financial reserves to withstand income disruptions. However, his requested credit amount of $1,585 and duration of 2 years seem reasonable given his profile. The stated purpose for the loan is furniture/equipment purchases, which is a common need. 

Overall I would rate this as a medium risk application due to the",bad risk
32,male,1,own,little,moderate,1301,18,radio/TV," Based on the data provided, this 32 year old male has an unskilled but resident job, lives in his own housing, has little savings, a moderate checking account, has taken out a 1301 credit amount loan for 18 month duration to purchase a radio/TV. 

His profile shows a relatively young borrower with a steady job and income to afford making consistent loan payments for an entertainment purchase. The moderate checking account indicates some financial management abilities. While his limited savings poses some risk if",good risk
28,male,2,own,moderate,rich,1323,6,car," Based on the data provided, here is my credit risk analysis:

This 28 year old male has a skilled job and owns his housing. He has a moderate level of savings and a rich checking account. He is requesting a 1323 credit amount to purchase a car, to be paid back over 6 months. 

Given his stable skilled employment, ownership of his residence, and healthy savings and checking account balances, he presents a low credit risk. The loan amount and duration are reasonable given his",good risk
27,female,2,own,little,little,3123,24,car," Based on the data provided, here is my credit risk analysis:

This 27 year old female has a skilled job and owns her housing. She has little savings in both her saving and checking accounts. She is requesting a 3,123 credit amount to purchase a car, to be paid back over 24 months. 

Given her relatively young age, steady skilled employment, and home ownership, she seems to demonstrate some financial stability. The loan amount and duration seem reasonable given her profile. The purpose",unknown
42,male,2,free,little,little,5493,36,car," Based on the data provided, this 42 year old male has a skilled job and lives in free housing. He has little savings in both his saving and checking accounts. He has taken out a 5493 credit amount loan for 36 months to purchase a car. 

His skilled job status and the moderate 36 month duration of the loan are positive signs regarding his credit risk. However, the large 5493 credit amount paired with only having little savings could indicate he is overextended financially, which increases his risk",unknown
49,male,2,own,moderate,rich,1126,9,radio/TV," Based on the data provided, here is my credit risk analysis:

This 49 year old male customer works a skilled job, owns his housing, has a moderate saving account, and a rich checking account. He is requesting a 1126 credit amount to be paid back over 9 month duration, for the purpose of purchasing a radio/TV. 

Given that he is middle aged, employed in a skilled position, and has moderate to rich cash reserves, he seems to demonstrate financial stability. A",good risk
38,male,2,own,moderate,moderate,1216,24,radio/TV," Based on the data provided, here is my credit risk analysis:

This 38 year old male customer works a skilled job and owns his housing. He has moderate savings and checking accounts. He is requesting a $1,216 credit amount to be paid back over 24 months for the purpose of buying a radio or TV.

Given his skilled job status, the moderate levels of savings and checking balances, combined with reasonable loan terms for the purchase of a consumer durable good, I would rate this",good risk
24,female,2,rent,little,little,1207,24,car," Based on the data provided, here is my credit risk analysis:

This is a 24 year old female with a skilled job who is renting her housing. She has little savings and a little amount in her checking account. She is requesting a 1207 credit amount to purchase a car, to be paid back over 24 months.

Given her relatively young age, stable skilled employment, and moderate credit amount requested that will be paid back in a reasonable timeframe, she seems like a reasonable credit",good risk
27,male,1,own,,,1309,10,car," Based on the limited data provided, here is my credit risk analysis:

This 27 year old male has an unskilled but resident job. He owns his housing and is seeking a €1,309 car loan for 10 months. Without more financial data, it is difficult to thoroughly assess credit risk, but a few insights can be gleaned. His relatively young age, steady job, and home ownership suggest he may have a reasonable financial foundation. The loan amount and duration seem feasible for a",unknown
36,male,2,own,quite rich,rich,2360,15,car," Based on the data provided, here is my credit risk analysis:

This 36 year old male has a skilled job and owns his housing. He has quite rich saving accounts and a rich checking account. He is requesting a $2,360 car loan for 15 months. His financial profile indicates he likely has the means to repay this loan. The amount and duration seem reasonable given his income and assets. I would rate him as low credit risk.",good risk
34,male,3,own,moderate,moderate,6850,15,car," Based on the data provided, this 34 year old highly skilled male owns his housing and has both moderate saving and checking accounts. He has requested a $6,850 15-month car loan. Given his stable employment, home ownership, and moderate savings, he presents a low to moderate credit risk. Approving a medium-term secured auto loan seems reasonable given his profile as a dependable borrower. The loan details align with his stated purpose and duration. Providing the loan has potential to deep",good risk
28,male,2,own,little,,1413,24,radio/TV," Based on the data provided, this 28 year old male has a skilled job and owns his housing. He has little savings and was approved for a 1413 credit amount over a 24 month duration to purchase a radio/TV. His limited savings suggests he may struggle to repay the loan, but his skilled job status helps mitigate the risk somewhat. Additional data on his checking account activity would provide further insight into his financial situation and creditworthiness. I cannot make definitive statements without more details, but there are",unknown
45,male,3,own,moderate,,8588,39,car," Based on the data provided, here is my credit risk analysis:

This 45 year old male has a highly skilled job, owns his housing, has a moderate saving account, and is requesting an 8588 credit amount over 39 months to purchase a car. His profile indicates a low credit risk overall:

- Age 45 is in a responsible range.
- Being highly skilled generates a good and likely stable income. 
- Owning his housing demonstrates financial responsibility.
- Having moderate",unknown
26,male,2,own,little,little,759,12,car," Based on the data provided, here is my credit risk analysis:

This 26 year old male has a skilled job, owns his housing, has little savings and checking account balances, and is seeking a 759 credit amount over 12 months to purchase a car. His profile presents low to moderate credit risk. The skilled job and housing ownership indicate financial stability. The relatively small loan amount compared to income level, along with moderate savings, suggest both capacity and willingness to repay. The short 12 month duration",good risk
32,male,3,free,little,,4686,36,car," Based on the data provided, here is my credit risk analysis:

This 32 year old male has a highly skilled job and lives in free housing, indicating a reasonably good financial situation. His saving accounts are relatively small, but he may have assets in other places so I cannot make definite judgments about his overall savings. He is seeking a 36 month, $4,686 car loan. Given his skilled job, the loan duration and amount seem reasonable for the purchase of a basic vehicle. The purpose",unknown
26,male,2,rent,little,rich,2687,15,business," Based on the data provided, here is my credit risk analysis:

This 26 year old male has a skilled job and is currently renting his housing. He has little savings but a rich checking account. He is requesting a 2687 credit amount for a 15 month business loan. 

Given his skilled employment, the sizable checking account balance demonstrates good financial management ability to cover loan payments. The purpose being for business expansion is also reasonable given his job status. The loan amount and duration seem in",unknown
20,male,2,rent,little,moderate,585,12,radio/TV," Based on the data provided, here is my credit risk analysis:

This is a 20 year old male with a skilled job. He is currently renting his housing. He has little savings and a moderate checking account. He is requesting a 585 credit amount to be paid back over 12 months for the purpose of a radio/TV purchase.

Given his relatively young age and skilled job status, his credit risk seems reasonable. The loan amount and duration are also not extreme compared to his income",good risk
54,male,2,own,,,2255,24,car," Based on the limited data provided, here is my credit risk analysis:

This 54 year old male has a skilled job, owns his housing, and is seeking a 2,255 credit amount over a 24 month duration to purchase a car. His credit risk level seems moderate given his stable skilled employment status and owned housing. However, without further insight into his savings and checking account balances, I cannot fully assess his creditworthiness or make a specific recommendation on extending him credit. Additional financial account data",unknown
37,female,2,own,little,little,609,6,car," Based on the data provided, here is my credit risk analysis:

This 37 year old female has a skilled job, owns her housing, has little savings and checking account balances, and is requesting a 609 credit amount for a 6 month car loan. Her profile presents low to moderate credit risk. The moderate risk factors are the relatively small savings and checking balances compared to the requested loan amount. However, her skilled job status and housing ownership are positive signs. The short 6 month duration is also",unknown
40,male,1,own,little,little,1361,6,car," Based on the data provided, here is my credit risk analysis:

This 40 year old male has an unskilled but resident job, lives in his own housing, has little savings and a little checking account. He is requesting a 1,361 credit amount over 6 months duration to purchase a car. 

Given his stable residency and home ownership, I would evaluate him as a moderate credit risk at this time despite his limited savings. The loan amount and duration seem reasonable given his profile",unknown
23,female,2,rent,little,,7127,36,furniture/equipment," Based on the limited data provided, here is my credit risk analysis:

This 23 year old female has a skilled job and is renting her housing. She has little savings, which indicates limited financial resources to withstand income disruptions. However, she has taken out a 36 month loan of a moderate size (7127) for the practical purpose of buying furniture and equipment. 

Given her skilled employment, moderate loan amount compared to income, and practical purpose of the loan, she poses low",unknown
43,male,2,own,moderate,little,1203,6,car," Based on the data provided, here is my credit risk analysis:

This 43 year old male has a skilled job, owns his housing, has a moderate level of savings, and a little amount in his checking account. He is requesting a 1203 credit amount to purchase a car, to be paid back over 6 months. 

Given his skilled employment, ownership of housing, and moderate savings, he seems to demonstrate financial stability to manage this loan. The loan amount and duration are also not",unknown
36,male,2,free,,,700,6,radio/TV," Based on the provided data, here is my credit risk analysis for this person:

This 36 year old male has a skilled job and lives in free housing. He is requesting a 700 credit amount to be paid back over 6 months for the purpose of a radio/TV. His credit risk seems low given his skilled employment and free housing. However, without knowledge of his saving and checking account balances, a more definitive risk assessment is difficult. Additional data on his accounts would allow a better understanding of",unknown
44,male,2,free,little,,5507,24,repairs," Based on the data provided, I can make the following credit risk analysis:

This is a 44 year old male with a skilled job and living in free housing. He has little money in his saving accounts. He is requesting a credit amount of 5507 for a duration of 24 months, to be used for repairs.

Given that he has a stable skilled job, the credit amount requested is moderate compared to his income level, and the loan duration is relatively short, I would assess him",unknown
24,female,2,own,little,little,3190,18,radio/TV," Based on the data provided, here is my credit risk analysis:

This is a 24 year old female with a skilled job. She owns her housing. Her savings and checking accounts are categorized as 'little'. She has applied for a relatively small credit amount of 3190 for a radio/TV over a reasonable 18 month duration. Her purpose seems reasonable for her profile.

With stable skilled employment and home ownership, combined with the small loan amount and reasonable purpose, my assessment is that this",unknown
53,male,2,free,little,little,7119,48,furniture/equipment," Based on the data provided, here is my credit risk analysis:

This 53 year old male has a skilled job and lives in free housing. He has little money in his saving and checking accounts. He is requesting a 7,119 credit amount to be paid back over 48 month duration, for the purpose of buying furniture or equipment.

Given that he has a stable skilled job, the moderate 48 month duration of the loan seems reasonable for the furniture purchase purpose. The credit amount is also",unknown
23,female,2,own,moderate,,3488,24,car," Based on the data provided, here is my credit risk analysis:

The applicant is a 23 year old female with a skilled job. She owns her housing. Her saving accounts are moderate and she has taken out a 3,488 credit amount loan with a 24 month duration to purchase a car. 

Some positive factors for low credit risk are:
- Young employed applicant with a skilled job which indicates higher and more reliable income to repay the loan.
- Owns her housing which demonstrates",unknown
26,female,1,own,little,moderate,1113,18,radio/TV," Based on the data provided, here is my credit risk analysis:

This 26 year old female has an unskilled but resident job. She owns her residence and has little money in her savings account but a moderate amount in her checking account. She is seeking a 1,113 credit amount over an 18 month duration in order to purchase a radio or TV. 

Given her relatively young age, steady job and home ownership, she seems like a reasonable credit risk, especially since the loan purpose",unknown
30,male,2,own,little,moderate,7966,26,car," Based on the data provided, here is my credit risk analysis:

This 30 year old male has a skilled job and owns his housing. He has a little savings account and a moderate checking account. He is requesting a 7966 credit for a 26 month car loan. 

Given his skilled job, ownership of housing and some financial savings, he seems to demonstrate financial stability. The loan amount and duration seem reasonable given his profile. I would rate him as a low-medium credit risk.",good risk
31,female,2,own,moderate,,1532,15,education," Based on the data provided, here is my credit risk analysis:

This 31 year old female has a skilled job and owns her residence. She has a moderate level of savings, indicating some financial stability. She is requesting a credit amount of 1532 for an education purpose over a 15 month duration. 

The credit amount requested along with the duration seems reasonable given her income level as a skilled worker. Her moderate savings provides additional assurance of her ability to repay the loan. The purpose being for",good risk
42,male,1,own,little,,1503,4,radio/TV," Based on the data provided, here is my credit risk analysis:

This 42 year old male has an unskilled but resident job, lives in his own housing, has little savings, and is requesting a 1503 credit amount over 4 months to purchase a radio/TV. His limited savings and unskilled job may present some repayment risk given the credit amount and duration requested. Additional data on his checking account activity could provide more insight, but based solely on the data available, I woul",bad risk
31,male,2,rent,little,little,2302,36,radio/TV," Based on the data provided, here is my credit risk analysis:

This 31 year old male has a skilled job and is currently renting his housing. He has little savings in both his saving and checking accounts. He is requesting a $2,302 credit amount to be repaid over 36 months for the purpose of purchasing electronics like a radio or TV. 

Given his skilled employment, there is likely adequate income to manage the repayment of this modest $2,302 loan within 36 months",good risk
41,male,1,own,little,little,662,6,car," Based on the data provided, here is my credit risk analysis:

This 41 year old male has an unskilled but resident job. He owns his house and has little savings in both his saving and checking accounts. He is requesting a 662 credit for a 6 month car loan. His limited savings accounts and unskilled job indicate he likely has a lower income. However, the relatively small loan amount and duration, along with home ownership, suggest this may be a reasonable credit risk despite",unknown
32,male,2,own,little,moderate,2273,36,education," Based on the data provided, here is my credit risk analysis:

This 32 year old male has a skilled job, owns his housing, has little savings but a moderate checking account balance. He is requesting a 2,273 credit amount to be paid back over 36 months for education purposes. His profile presents low to moderate credit risk overall. He has a stable skilled job and housing situation. The moderate checking account balances demonstrate some financial responsibility. While his limited savings is a minor concern, the reasonable",good risk
28,female,2,rent,moderate,moderate,2631,15,car," Based on the data provided, here is my credit risk analysis:

The applicant is a 28 year old female with a skilled job. She is currently renting her housing. She has moderate savings and checking account balances. She has applied for a $2,631 auto loan with a 15 month duration.

Given her relatively young age, skilled employment status and moderate savings, she presents a fairly low credit risk. The loan amount and duration are also quite reasonable.

I would recommen",good risk
41,male,2,rent,little,,1503,12,car," Based on the data provided, here is my credit risk analysis:

This 41 year old male has a skilled job, rents his housing, and has little savings. He is requesting a 1503 credit amount for a 12 month car loan. His limited savings would indicate he has little financial cushion, which could make him higher risk if he were to face financial hardship repaying the loan. However, his skilled job status helps offset some of that risk. The relatively small loan amount for a short duration",unknown
26,male,2,own,moderate,,1311,24,radio/TV," Based on the data provided, here is my credit risk analysis:

This 26 year old male has a skilled job and owns his housing. He has a moderate level of savings. He is requesting a credit amount of 1311 for a duration of 24 months to purchase a radio or TV. 

Given his skilled job, home ownership and moderate savings, he seems to demonstrate financial stability. The credit amount requested is relatively low given his profile, and the loan duration is short term. Overall he",good risk
25,male,2,own,,,3105,24,radio/TV," Based on the limited data provided, here is my credit risk analysis:

This 25 year old male has a skilled job and owns his housing. He is requesting a 3,105 credit amount to be paid back over 24 months for the purpose of a radio/TV purchase. His relatively young age and skilled job status suggest he has the ability to repay this medium-sized loan. Home ownership also demonstrates financial responsibility. The 2 year duration is a reasonable timeline for this credit amount and purpose.",good risk
33,male,2,rent,little,rich,2319,21,education," Based on the provided data, this 33 year old male has a skilled job and rents his housing. He has little savings but a rich checking account. He is seeking a credit amount of 2319 over a 21 month duration to finance an education. His profile suggests a moderate credit risk overall - his skilled employment status is a positive, but limited savings and desire to finance a long-term expense raise some concerns. More data would be needed to thoroughly assess creditworthiness, but the information provided indicates he",unknown
75,female,3,own,,little,1374,6,car," Based on the data provided, here is my credit risk analysis:

The applicant is a 75 year old female with a highly skilled job. She owns her housing. She has a little checking account. She has requested a credit amount of 1374 over a 6 month duration to purchase a car.

As a highly skilled senior, she likely has a reliable source of income to service the debt. The loan amount and duration are relatively low. Her limited checking account could indicate she is frug",unknown
37,female,2,own,little,moderate,3612,18,furniture/equipment," Based on the data provided, here is my credit risk analysis:

This 37 year old female has a skilled job and owns her residence. She has little savings but a moderate checking account balance. She is requesting a 3,612 credit line for a 18 month term to purchase furniture or equipment. 

Given her stable skilled employment, ownership of her residence and moderate liquid assets, I would rate her as a low to moderate credit risk. The loan details seem reasonable given her profile. I woul",unknown
42,male,3,free,little,little,7763,48,car," Based on the data provided, here is my credit risk analysis:

This 42 year old male has a highly skilled job and lives in free housing, indicating a relatively high and stable socioeconomic status. The credit amount requested is $7,763 for a 48 month car loan. Having little money in his saving and checking accounts suggests limited financial reserves. However, his high income and stable housing mitigate this concern. Being a highly skilled professional making an average-sized car purchase with a moderate 4 year",unknown
45,female,1,own,little,rich,3049,18,furniture/equipment," Based on the data provided, here is my credit risk analysis:

The client is a 45 year old female with an unskilled but resident job. She owns her house, has little savings but a rich checking account. She has applied for a $3,049 loan with an 18 month duration to purchase furniture or equipment.

Some positive factors regarding creditworthiness:
- The client is middle aged, which generally implies more financial stability. 
- She owns her house which",unknown
23,male,2,rent,little,moderate,1534,12,radio/TV," Based on the data provided, this is a 23 year old male with a skilled job who rents his housing. He has a little savings account and a moderate checking account. He is requesting a 1534 credit amount over a 12 month duration to purchase a radio/TV. 

With his skilled job, he likely has a steady income to repay the loan. The moderate checking account activity also indicates responsible money management. However, the little savings does suggest he lives month-to-month without much cash",unknown
60,male,2,free,little,,2032,24,car," Based on the data provided, here is my credit risk analysis:

This 60 year old male has a skilled job and lives in free housing, indicating a moderately stable financial situation. His saving accounts are categorized as ""little"", meaning he likely does not have significant liquid savings. He has taken out a $2,032 car loan to be repaid over 24 months. Given his skill level and housing, he will likely be able to repay this relatively small, short term loan, however his limite",unknown
31,male,2,own,,little,6350,30,furniture/equipment," Based on the data provided, here is my credit risk analysis:

This 31 year old male has a skilled job and owns his housing. He has a little checking account and is requesting a 6,350 credit amount to be paid back over 30 months for the purpose of furniture/equipment. 

The credit risk seems low given this borrower's stable skilled employment, owned residence, and reasonable loan details of amount and duration for the stated purpose. The little checking account is somewhat concerning but overall",good risk
34,male,1,own,little,rich,2864,18,furniture/equipment," Here's my evaluation of the credit risk for this customer:

Age 34 means this borrower is in the early stages of their prime earning years, so their income has potential for growth. Being male is not a significant factor for credit risk assessment. Job type 1 (unskilled but resident) suggests lower and less stable income. Home ownership indicates stability but also financial commitment. The saving account balance is relatively low but the checking account is relatively high, so liquid financial reserves could be stronger.",unknown
61,male,1,own,little,,1255,12,car," Based on the data provided, here is my credit risk analysis:

This 61 year old male has an unskilled but resident job, lives in his own house, has little savings, and is seeking a 1,255 credit amount over 12 months to purchase a car. His limited savings suggests he has little financial cushion, which could make it difficult to service debt obligations if he encounters income disruptions. However, being an unskilled but resident employee provides some income stability. The relatively small",unknown
43,male,2,free,little,little,1333,24,car," Based on the data provided, this 43 year old male has a skilled job and lives in free housing. He has little savings and a little amount in his checking account. He is requesting a 1,333 credit amount to purchase a car, to be paid back over 24 months. 

His skilled job status reduces his overall credit risk somewhat compared to unskilled borrowers. The free housing also indicates slightly more financial flexibility compared to paying rent or a mortgage. However, having little savings and funds",bad risk
37,female,2,own,little,,2022,24,car," Based on the data provided, here is my credit risk analysis:

This 37 year old female has a skilled job and owns her housing. She has little savings, which indicates limited financial resources to draw from if she encounters difficulty repaying her loan. However, her requested credit amount of $2,022 and duration of 24 months seem reasonable given her profile. The stated purpose for the loan is to purchase a car. Overall, she presents a moderate credit risk due to her limited savings. Appro",unknown
32,male,2,own,little,,1552,24,radio/TV," Based on the data provided, this 32 year old male has a skilled job and owns his housing. He has little savings and was approved for a 1552 credit amount over a 24 month duration to purchase a radio or TV. 

His skilled job status and housing ownership suggest a moderate financial profile. The little savings indicates limited assets to cover the loan if issues arise. The 24 month term is reasonable for consumer goods though, and the 1552 credit amount is not excessive compared to his job status.",good risk
24,female,1,own,little,little,626,12,radio/TV," Based on the data provided, this is a 24 year old female with an unskilled but resident job, who owns her own housing. She has little savings and a little amount in her checking account. She is requesting a 626 credit amount over 12 month duration to purchase a radio or TV.

Given her young age, steady but low-paying job status, small savings cushion and relatively small loan amount compared to duration, she poses a moderate credit risk. While ability to repay appears",unknown
35,male,2,free,,,8858,48,car," Based on the limited data provided, here is my credit risk analysis:

This 35 year old male customer works a skilled job and lives in free housing. He is requesting an 8,858 credit amount loan for 48 months to purchase a car. Without additional details on his finances, I cannot reliably determine his creditworthiness. However, some initial observations:

- His skilled job may indicate a moderate and stable income to make loan payments. This is a positive sign.

- Free",unknown
23,female,2,own,,,996,12,repairs," Based on the limited data provided, here is my credit risk analysis:

This 23 year old female has a skilled job, owns her housing, and is seeking a 996 credit amount over 12 months for the purpose of repairs. Her credit risk seems low given her stable employment status, home ownership, relatively low credit amount compared to income level, and reasonable loan duration. The purpose being for home repairs also implies responsible financial management.  

Unfortunately there is no data provided on her saving or checking",unknown
45,male,1,own,quite rich,,1750,6,radio/TV," Based on the provided data, this 45 year old male has an unskilled but resident job, owns his housing, has quite rich saving accounts, was approved for a 1,750 credit amount over 6 month duration to purchase a radio/TV. 

His age and ownership of housing demonstrate stability. The unskilled but resident job indicates a steady income source. Quite rich saving accounts suggest responsible financial management and available assets. The moderate credit amount over a relatively short 6 month term for a reasonable",good risk
34,male,2,own,little,little,6999,48,radio/TV," Based on the data provided, this 34 year old male has the following credit profile:

Employment: He is skilled, indicating stable income. This is a positive factor when assessing credit risk.

Housing: He owns his residence. Homeownership indicates stability and is viewed favorably by lenders. 

Savings: His saving accounts are categorized as little. While more savings would be ideal, some savings is still better than none.

Checking: He also has little funds",good risk
27,male,2,own,moderate,moderate,1995,12,car," Based on the data provided, here is my credit risk analysis:

This 27 year old male has a skilled job and owns his housing. He has moderate savings and checking accounts. He is requesting a 1995 credit amount to purchase a car, to be paid back over 12 months. 

Given his relatively young age, steady skilled employment, ownership of his housing, and moderate savings, he seems to demonstrate financial stability and responsibility. The loan amount and duration also seem reasonable given his profile. I",good risk
67,female,3,own,little,moderate,1199,9,education," Based on the data provided, here is my credit risk analysis:

This 67 year old female has a highly skilled job, owns her house, has little savings, a moderate checking account, and is seeking an educational loan of 1199 over 9 months. Her strong employment situation and home ownership suggest she has a steady income stream and assets, which helps mitigate default risk. The moderate checking account activity also indicates financial responsibility. While her limited savings raises some concerns about backup funds if issues arise, the",unknown
22,male,2,own,little,moderate,1331,12,radio/TV," This 22 year old male has a skilled job and owns his housing. He has a little savings account and a moderate checking account. He is requesting a 1331 credit for 12 months to purchase a radio/TV. 

As a skilled worker who owns his home, he demonstrates some financial stability. The little savings shows limited additional financial cushion. The moderate checking activity is reasonable. The 1331 credit amount for 12 months is not large relative to his job skill level.

The purpose of a",unknown
28,female,2,own,moderate,moderate,2278,18,car," Based on the data provided, here is my credit risk analysis:

The client is a 28 year old female with a skilled job. She owns her housing. She has moderate savings and checking accounts. She has applied for a $2,278 car loan with an 18 month duration.

As a skilled worker who owns her home, she likely has a steady income stream to pay back the relatively small loan amount. The moderate savings and checking accounts also demonstrate financial stability. The purpose being a",good risk
29,female,2,own,,,5003,21,car," Based on the provided data, here is my credit risk analysis:

This 29 year old female has a skilled job and owns her housing. She is requesting a 5003 credit amount to purchase a car, to be paid back over 21 months. 

As a skilled worker who owns her home, she likely has a steady income stream and assets, suggesting she has the means to repay this average-sized auto loan with a reasonable term length. The purpose being an automobile instead of other riskier",good risk
27,male,2,own,little,little,3552,24,furniture/equipment," Based on the data provided, here is my credit risk analysis:

This 27 year old male has a skilled job and owns his housing. He has little savings in both his saving and checking accounts. He is requesting a 3,552 credit amount to be paid back over 24 months for the purpose of purchasing furniture or equipment. 

Given his relatively young age, steady skilled employment, home ownership, and moderate credit request for a reasonable purpose and duration, I would assess him as a low to",unknown
31,male,1,own,little,moderate,1928,18,furniture/equipment," Based on the data provided, here is my credit risk analysis:

This 31 year old male has an unskilled but resident job. He owns his housing. His savings accounts have little money, while his checking account has a moderate balance. He has requested a $1,928 loan for a duration of 18 months, to purchase furniture or equipment.

Overall, his credit risk seems moderate. His having a steady residency and job is positive. However, his unskilled occupation",unknown
49,male,2,free,,little,2964,24,car," Based on the data provided, here is my credit risk analysis:

This 49 year old male customer has a skilled job and lives in free housing. He has a little checking account and has applied for a 2964 credit amount over a 24 month duration to purchase a car. 

Given that he is middle aged with a stable skilled job, he likely has a reasonable income to repay the loan. The free housing also reduces his living expenses. The little checking account is less positive, but overall",unknown
24,male,1,rent,little,little,1546,24,radio/TV," Based on the data provided, here is my credit risk analysis:

This is a 24 year old male with an unskilled but resident job. He is renting his housing. His saving and checking accounts both have little funds. He is requesting a $1,546 credit for a 24 month duration, to purchase a radio or TV. 

Given his young age, steady albeit unskilled job, and small accounts, I would characterize him as a reasonable credit risk at this time",bad risk
29,female,2,own,little,rich,683,6,radio/TV," Based on the data provided, here is my credit risk analysis:

This 29 year old female has a skilled job and owns her housing. She has little savings but a rich checking account. She is requesting a 683 credit amount for a 6 month radio/TV loan. 

Given her skilled job, home ownership and rich checking account, she seems to demonstrate financial stability necessary to manage this relatively small, short term loan. The purpose being a radio/TV also seems reasonable. Overall I",unknown
37,male,2,free,,moderate,12389,36,car," Based on the data provided, here is my credit risk analysis:

This 37 year old male has a skilled job and lives in free housing, indicating a moderately stable financial situation. His moderate checking account suggests an average level of liquid assets. He is requesting a $12,389 auto loan with a 3 year term. The loan purpose and amount appear reasonable given his profile. 

With steady skilled employment, moderate cash reserves, and a reasonable requested loan amount compared to income level, I woul",unknown
37,male,3,own,,moderate,4712,24,business," Based on the provided data, this 37 year old male has a highly skilled job and owns his housing. He has a moderate checking account and took out a 4712 credit amount over 24 month duration for a business purpose. His credit profile indicates someone who is likely financially responsible, with a stable job and home ownership. The moderate checking account and sizable business loan may suggest he is an entrepreneur or small business owner attempting to grow his company. With a 24 month duration, he seems confident he can repay this",good risk
23,female,2,rent,moderate,moderate,1553,24,radio/TV," Based on the data provided, here is my credit risk analysis:

This is a 23 year old female with a skilled job. She is renting her housing. She has moderate savings and checking account balances. She is requesting a 1553 credit amount to be paid back over 24 months for the purpose of purchasing a radio or TV.

Given her relatively young age, stable skilled employment status, moderate savings, and reasonable loan purpose and term, I would assess her as a low to moderate",unknown
36,male,2,own,little,little,1372,12,car," Based on the data provided, here is my credit risk analysis:

This 36 year old male has a skilled job and owns his housing. He has little money in his saving and checking accounts. He is requesting a 1372 credit amount to purchase a car, to be paid back over 12 months. 

Given his stable skilled employment status and home ownership, he seems to demonstrate responsible financial behaviour that would allow him to repay this relatively small loan for a car over the course of a year.",good risk
34,male,2,own,rich,,2578,24,radio/TV," Based on the provided personal data, this 34 year old male has several positive credit factors. As a skilled worker who owns his housing, he likely has a steady income stream. His rich saving account suggests responsible financial habits and available assets. He has requested a 2,578 credit line for 24 months to purchase a radio/TV. While the loan duration is relatively long, the purpose seems reasonable. With his job status, housing situation, and savings, he presents low credit risk. I would recommend approving",good risk
41,male,2,own,,moderate,3979,48,radio/TV," Based on the data provided, here is my credit risk analysis:

This 41 year old male has a skilled job, owns his housing, has a moderate checking account, and is seeking a credit amount of 3,979 over a 48 month duration to purchase a radio/TV. His credit risk profile is fairly low risk given his stable skilled employment, ownership of his residence, and moderate assets in his checking account. The loan amount and duration seem reasonable given his financial profile to likely be repai",unknown
31,female,2,own,little,little,6758,48,radio/TV," Based on the data provided, here is my credit risk analysis:

This 31 year old female customer works a skilled job and owns her housing. She has little money in both her saving and checking accounts. She is requesting a 6,758 credit amount to be paid back over 48 month duration, with the purpose listed as buying a radio/TV. 

Given her relatively young age, steady skilled employment, home ownership, and moderate loan request for a reasonable purpose and duration, I would evaluate",unknown
23,female,1,rent,little,little,3234,24,furniture/equipment," Based on the data provided, here is my credit risk analysis:

This 23 year old female has an unskilled but resident job. She is renting her housing. Her saving and checking accounts are categorized as little. She has applied for a $3,234 credit with a 24 month duration to purchase furniture/equipment. 

Given her young age, steady job and housing situation, I would evaluate her as low to moderate credit risk despite her limited savings. The credit amount and duration",unknown
38,male,2,own,little,,5954,30,radio/TV," Based on the data provided, here is my credit risk analysis:

This 38 year old male has a skilled job and owns his housing. He has little savings and requested a 5,954 credit amount to be paid back over 30 months for the purpose of a radio/TV purchase. His limited savings could indicate potential difficulty making loan payments if his income is disrupted. However, his skilled job status and housing ownership suggest a moderate level of financial stability. The 30 month duration is relatively short compared to",unknown
26,female,3,rent,,,5433,24,car," Based on the limited data provided, here is my credit risk analysis:

This 26 year old highly skilled female is seeking a 24 month, $5,433 loan to purchase a car. Given her skilled employment status, she likely has a moderate to high income level that could support repaying this 2 year car loan. However, without further data on her current debt level or details on her saving/checking account balances, I cannot reliably determine her overall credit risk. 

Additional insights into her",unknown
22,female,1,own,little,little,806,15,business," Based on the data provided, here is my credit risk analysis:

This is a 22 year old female with an unskilled but resident job. She owns her housing. The saving and checking accounts are categorized as 'little'. She has requested an 806 credit amount for a 15 month business loan purpose. 

Given her young age, steady job and owned residence, she seems to have a reasonable financial foundation, although limited assets based on the small saving and checking account balances. The requeste",unknown
27,male,1,own,little,moderate,1082,9,radio/TV," Based on the data provided, here is my credit risk analysis:

This 27 year old male has an unskilled but resident job. He owns his housing. His saving accounts are categorized as little and his checking account is moderate. He has applied for a relatively small credit amount of 1082 for a 9 month duration, to purchase a radio or TV. 

Given his stable residency and employment, moderate checking account funds, small loan amount compared to duration, and reasonable purpose for the",unknown
24,female,2,own,little,,2788,15,furniture/equipment," Based on the data provided, here is my credit risk analysis:

This is a 24 year old female with a skilled job and living in her own housing. She has little savings and is requesting a 2,788 credit amount over a 15 month duration to purchase furniture/equipment. 

Given her relatively young age, steady skilled employment, home ownership and moderate credit amount requested, she presents a low-to-moderate credit risk. While her limited savings account points to a higher risk profile in",unknown
27,female,2,own,little,moderate,2930,12,radio/TV," Based on the data provided, this is a 27 year old female with a skilled job who owns her housing. She has requested a 2,930 credit amount over a 12 month duration to purchase a radio/TV. 

Given her stable skilled employment status and ownership of her housing, she seems to demonstrate a reasonable financial profile. The moderate checking account aligns with her skilled job status. The credit amount and duration seem reasonable for the stated purchase purpose. 

With the data provided, I ",unknown
33,female,2,own,,,1927,24,education," Based on the provided data, this 33 year old female has the following credit profile:

She is skilled, meaning she likely has steady income from her job. As a skilled worker seeking additional education, she seems motivated to advance her career.

She owns her housing, indicating financial responsibility. Homeowners tend to have better creditworthiness than renters.

She is requesting a $1,927 loan for an education purpose, to be repaid over 24 months. Seeking to",unknown
27,male,2,own,little,moderate,2820,36,car," Based on the data provided, here is my credit risk analysis:

This 27 year old male has a skilled job, owns his housing, has little savings but a moderate checking account, and is requesting a $2,820 auto loan for 36 months. His profile presents low to moderate credit risk overall. The positives are his skilled employment, home ownership, and moderate liquid assets. While his limited savings are less than ideal, his 36 month loan term is reasonable for the loan amount. If he",good risk
27,male,1,own,little,,937,24,education," Based on the data provided, here is my credit risk analysis:

This 27 year old male has an unskilled but resident job. He owns his housing. With little savings but taking a 24 month, 937 unit loan for education purposes, there is moderate credit risk here. His resident employment status helps offset the limited savings, but the duration of the loan is still almost 2 years. Additional data on his checking account balances would provide more context on his overall financial profile. 

I",unknown
30,male,2,own,little,moderate,1056,18,car," Based on the data provided, here is my credit risk analysis:

This 30 year old male has a skilled job and owns his housing. He has little savings but a moderate checking account. He is requesting a $1,056 car loan for 18 months. 

Given his skilled employment, ownership of housing and moderate liquid assets, I would evaluate him as a low to moderate credit risk. The loan amount and duration seem reasonable given his profile. 

I would recommend approving the loan as",unknown
49,male,1,own,little,moderate,3124,12,car," Based on the data provided, here is my credit risk analysis:

This 49 year old male has an unskilled but resident job. He owns his housing. His savings account balance is relatively low. His checking account activity is moderate. He is requesting a $3,124 auto loan for 12 months.

Given his stable residency and housing ownership, I would evaluate him to be low to moderate credit risk despite his limited savings. The loan amount and duration seem reasonable given his profile",good risk
26,female,2,rent,little,,1388,9,furniture/equipment," Based on the data provided, here is my credit risk analysis:

This 26 year old female has a skilled job and lives in a rented housing. She has little savings. She is requesting a 1,388 credit amount to be paid back over 9 months for the purpose of buying furniture or equipment.

As a skilled worker with steady housing, her overall credit risk profile seems reasonable. The credit amount requested is moderate relative to her income level, and the duration is short term. Having little",unknown
33,male,1,rent,little,moderate,2384,36,repairs," Based on the data provided, here is my credit risk analysis:

This 33 year old male has an unskilled but resident job. He rents his housing. His savings account balance is relatively low, while his checking account balance is moderate. He is requesting a 2,384 credit amount to be repaid over 36 months for the purpose of repairs.

Given his stable residency and employment, moderate checking account balance, reasonable loan duration and purpose, I would assess him as a moderate",unknown
52,female,3,free,,,2133,12,car," Based on the provided personal data, here is my credit risk analysis:

This 52 year old female has a highly skilled job, lives in free housing, and is requesting a 2133 credit amount over 12 months to purchase a car. Her highly skilled job indicates a steady income stream to pay back the relatively small loan amount within a reasonable timeframe. Free housing also reduces her recurring expenses, freeing up more income for loan repayment. With no checking or savings account details available to gauge her assets or",unknown
20,female,2,rent,little,little,2039,18,furniture/equipment," Based on the data provided, here is my credit risk analysis:

This is a 20 year old female with a skilled job who is renting her housing. She has little savings and a little amount in her checking account. She is requesting a credit amount of 2039 to be paid back over 18 months for the purpose of buying furniture or equipment. 

Given her relatively young age, skilled job status, low account balances, medium loan amount and medium term length, I would rate this as",unknown
36,male,2,rent,little,little,2799,9,car," Based on the data provided, here is my credit risk analysis:

This 36 year old male has a skilled job and is currently renting his housing. He has little savings and a little amount in his checking account. He is requesting a $2,799 car loan for 9 months. 

Given his skilled job, the loan amount and duration seem reasonable for the purpose of purchasing a car. The little savings and checking account balances are somewhat concerning from a credit perspective, but overall I woul",unknown
21,male,1,own,little,little,1289,12,furniture/equipment," Based on the data provided, here is my credit risk analysis:

This 21 year old male has an unskilled but resident job. He owns his housing and has both little savings and a little checking account. He is requesting a 1,289 credit amount to be paid back over 12 months for the purpose of purchasing furniture or equipment. 

Given his young age, steady but low-income job status, small savings cushion, and modest credit request for an essential household purpose, I woul",unknown
47,male,1,own,little,little,1217,18,domestic appliances," Based on the data provided, here is my credit risk analysis:

This 47 year old male customer has an unskilled but resident job. He owns his house and has little savings in both his saving and checking accounts. He is requesting a 18 month, $1217 loan to purchase domestic appliances. 

Given his stable residency and home ownership, I would consider him low risk despite his limited savings and unskilled job. The loan amount and duration are also relatively small. ",good risk
60,male,2,own,little,little,2246,12,furniture/equipment," Based on the data provided, this is a 60 year old male with a skilled job who owns his housing. He has taken out a 2246 credit amount loan with a 12 month duration to purchase furniture or equipment. 

Given his age, he likely has an established career and income stream. As a skilled worker who owns his home, he seems financially stable. The small saving and checking account balances indicate he may be living paycheck-to-paycheck despite his stable job.

The",unknown
58,female,1,own,little,little,385,12,radio/TV," Based on the data provided, here is my credit risk analysis:

This 58 year old female has an unskilled but resident job, lives in her own house, has little savings and a little checking account. She is requesting a 385 credit for a 12 month duration to purchase a radio/TV. 

Given her stable residency and housing situation, combined with a relatively small loan amount for a reasonable purpose and duration, I would assess her as a low to moderate credit risk. The",unknown
42,female,2,rent,,moderate,1965,24,car," Based on the data provided, this 42 year old female has a skilled job and rents her housing. She has a moderate checking account and took out a 1965 credit amount over a 24 month duration to purchase a car. 

As she has a steady skilled job and a moderate checking account, she seems to have a reasonable financial profile. The 24 month loan duration and purpose for a car purchase also seem responsible. I cannot make assessments on her saving accounts as that data was not provided. Overall there are",unknown
36,female,1,own,rich,,1572,21,business," Based on the provided data, this 36 year old female has an unskilled but resident job, owns her housing, has a rich saving account, took out a 1572 credit for a 21 month business loan. Having a stable resident job and owning her house suggests she may have a reasonable ability to repay loans. The rich saving account also indicates good financial habits and resources to draw from if needed. The 1572 credit for a 21 month business loan seems within reason given the other positive financial factors.",good risk
20,female,1,rent,little,moderate,2718,24,car," Based on the data provided, here is my credit risk analysis:

The applicant is a 20 year old female with an unskilled but resident job. She is currently renting her housing. Her saving accounts are categorized as little, while her checking account is moderate. She has applied for a $2,718 car loan with a 24 month duration.

Given her young age and unskilled job, she may have limited income. The moderate checking account is a positive sign that she",unknown
40,male,3,own,,little,1358,24,vacation/others," Based on the data provided, here is my credit risk analysis:

This 40 year old male has a highly skilled job, owns his housing, has a little checking account, and is requesting a credit amount of 1358 over 24 months for the purpose of vacation or other expenses. 

His highly skilled job status indicates a steady income stream to pay back the loan. Home ownership suggests financial responsibility. The relatively small checking account balances are less concerning given his high income job. 

The loan",unknown
32,female,1,own,moderate,moderate,931,6,car," Based on the data provided, here is my credit risk analysis:

This 32 year old female has a steady job as an unskilled resident. She owns her own housing. Her moderate saving and checking account balances demonstrate responsible financial management. The $931 credit amount requested - likely for a car purchase based on the purpose - seems reasonable given her profile. The 6 month duration is a short timeline in which to pay back the loan. Overall, she looks like a good credit risk.",good risk
23,female,2,rent,little,little,1442,24,car," Based on the data provided, here is my credit risk analysis:

This 23 year old female has a skilled job and is currently renting her housing. She has little savings in both her saving and checking accounts. She is requesting a 1442 credit amount to purchase a car, to be paid back over 24 months. 

Given her young age, steady skilled employment, and moderate requested loan amount and duration, she seems to present low credit risk. The only slight concern is her limited savings",good risk
36,male,1,own,little,moderate,4241,24,business," Here is my credit risk analysis for the provided person:

The person is a 36 year old male with an unskilled but resident job. He owns his housing. His saving accounts are categorized as little and his checking account is moderate. He has applied for a 4241 credit amount to be paid back over 24 months for business purposes.

Based on the data provided, a few insights regarding credit risk:
- His age is in a reasonable range.
- Being male could suggest",unknown
31,male,2,own,little,,2775,18,car," Based on the data provided, this 31 year old male has a skilled job and owns his housing. He has little savings and took out a 2775 credit amount loan with an 18 month duration to purchase a car. His limited savings suggests he may struggle to make payments if faced with unexpected expenses or income disruption over the 18 month loan period. However, his skilled job status and housing ownership provide some financial stability. I would recommend approving the loan but monitoring closely for signs of payment issues due to his limite",good risk
32,male,2,free,little,,3863,24,business," Based on the data provided, here is my credit risk analysis:

This 32 year old male has a skilled job and lives in free housing, indicating a moderately stable financial situation. His saving accounts are categorized as 'little', meaning he likely does not have substantial long term savings. He has requested a business loan of 3863 currency units over a 24 month term. Given his skilled employment, the loan amount and duration seem reasonable for business purposes. 

Overall I would rate this applicant as a",bad risk
45,female,2,own,little,moderate,2329,7,radio/TV," Based on the data provided, here is my credit risk analysis:

The client is a 45 year old female with a skilled job. She owns her housing. She has little savings but a moderate checking account balance. She is requesting a 2,329 credit amount to be paid back over 7 months for the purpose of a radio/TV purchase.

As a skilled worker who owns her home, she likely has a steady income stream, which is positive. The loan amount requested is also relatively",unknown
30,female,2,own,little,moderate,918,9,furniture/equipment," Based on the data provided, here is my credit risk analysis:

The client is a 30 year old female with a skilled job. She owns her housing. Her saving accounts are categorized as little, indicating relatively low savings. Her checking account is moderate. She has applied for a relatively small credit amount of 918 for a short duration of 9 months to purchase furniture or equipment.

Overall, the client seems to have a reasonable financial profile. Her job and housing situation are stable. The",unknown
34,female,1,free,little,moderate,1837,24,education," Based on the data provided, here is my credit risk analysis:

The applicant is a 34 year old female with an unskilled but resident job. She lives in free housing and has little savings but a moderate checking account. She has requested a credit amount of 1837 euros for a 24 month education loan. 

Given her relatively young age, stable residency, moderate liquid assets, small loan amount compared to duration, and purpose for funding future prospects, I would rate her as a",unknown
28,female,3,own,little,,3349,36,furniture/equipment," Based on the provided data, this 28 year old highly skilled female owns her residence and has a little savings account. She has taken out a 3,349 credit amount loan for a 36 month duration to purchase furniture or equipment. As a highly skilled homeowner with some savings, she presents a relatively low credit risk. Factors in her favor are steady skilled employment income, ownership of her housing indicating some longer term stability, and that she has been able to accumulate at least a small savings account. The",good risk
23,female,2,own,little,rich,1275,10,furniture/equipment," Based on the data provided, here is my credit risk analysis:

This is a 23 year old female with a skilled job. She owns her housing. Her saving accounts are categorized as little, indicating low savings. However, her checking account is categorized as rich, indicating she has a decent income stream going into her checking account. 

She has applied for a relatively small credit amount of 1275 for a 10 month duration. The purpose is to purchase furniture or equipment. This seems to be",unknown
22,male,2,own,quite rich,little,2828,24,furniture/equipment," Based on the data provided, here is my credit risk analysis:

This 22 year old male has a skilled job and owns his housing. He has quite rich saving accounts but only a little checking account. He is requesting a 2,828 credit amount to be paid back over 24 months for the purpose of purchasing furniture/equipment. 

Given his young age, stable skilled employment, home ownership, and substantial savings, he seems to present a reasonably low credit risk, despite the limited checking account",good risk
74,male,3,own,little,,4526,24,business," Based on the data provided, here is my credit risk analysis:

This 74 year old male has a highly skilled job, owns his housing, has little savings, and took out a 4526 credit amount over a 24 month duration for a business purpose. His profile indicates a relatively low credit risk for the following reasons:

- Older borrowers tend to be more financially stable and dependable in repaying loans. At 74 years old, he likely has steady income streams.",unknown
50,female,2,free,moderate,moderate,2671,36,radio/TV," Based on the data provided, here is my credit risk analysis:

This 50 year old female has a skilled job and lives in free housing. She has moderate savings and checking accounts. She has applied for a credit amount of 2671 over a 36 month duration, to purchase a radio/TV. 

Given her skilled job, moderate savings, and adequate loan purpose and duration, she seems to present a reasonable credit risk profile. Additional data could provide further insights into her income levels and existing",unknown
33,male,2,own,little,,2051,18,radio/TV," Based on the data provided, here is my credit risk analysis:

This 33 year old male has a skilled job and owns his housing. He has little savings, indicating limited financial reserves. He is requesting a $2,051 loan for 18 months to purchase a radio/TV. His limited savings combined with the medium loan amount for a non-essential purpose poses a moderate risk, though his skilled employment helps compensate. 

Closely monitoring repayment ability over the first 6 months will be prudent",unknown
45,male,2,free,,,1300,15,car," Based on the limited data provided, here is my credit risk analysis:

This 45 year old male customer works a skilled job and lives in free housing. He is requesting a $1,300 car loan for 15 months. Without further financial information, it is difficult to thoroughly assess credit risk. However, his skilled employment status and need for a vehicle loan of moderate size over a relatively short duration suggest an acceptable level of risk. More data on his savings and checking account balances would allow a fuller",unknown
22,female,2,own,moderate,little,741,12,domestic appliances," Based on the data provided, here is my credit risk analysis:

This 22 year old female has a skilled job and owns her housing. She has a moderate amount in her savings account and a little amount in her checking account. She is requesting a 741 credit amount to purchase domestic appliances, to be paid back over 12 months. 

Given her relatively young age, steady skilled employment, home ownership and moderate savings, she seems to demonstrate financial stability necessary for managing this amount of credit.",good risk
48,female,1,free,moderate,rich,1240,10,car," Based on the data provided, here is my credit risk analysis:

The applicant is a 48 year old female with an unskilled but resident job. She lives in free housing, indicating limited financial resources. However, she has moderate savings and a rich checking account. She has applied for a 1,240 credit amount to purchase a car, to be paid back over 10 months.

Given her stable residency status and steady job, moderate savings buffer, and rich liquid assets, I",bad risk
29,female,2,own,rich,little,3357,21,radio/TV," This appears to be a 29 year old female with a skilled job who owns her housing. She has a rich saving account but a little checking account, and is seeking a 3357 credit amount over a 21 month duration to purchase a radio/TV. 

As a skilled worker who owns her home, she likely has a steady income stream, though her limited checking account balances indicate potential for cash flow issues. The large savings account is a positive sign however. 

The 3357 credit amount requeste",unknown
22,female,2,rent,little,little,3632,24,car," Based on the data provided, here is my credit risk analysis:

The applicant is a 22 year old female with a skilled job. She is currently renting her housing. She has little savings in both her saving and checking accounts. She has applied for a 3632 credit amount to purchase a car, to be paid back over 24 months.

Some insights into credit risk:
- Her young age may indicate less financial stability and credit history compared to older applicants. However, her skille",unknown
22,female,2,own,little,,1808,18,furniture/equipment," Based on the data provided, here is my credit risk analysis:

This is a 22 year old female with a skilled job. She owns her housing. She has little money in her saving accounts. She is requesting a medium-sized credit amount of 1808 for a 18 month term in order to purchase furniture or equipment.

Overall, she seems to demonstrate reasonable creditworthiness. Her relatively young age could be a minor concern, but she has a steady skilled job, owns her housing",good risk
48,male,3,own,,moderate,12204,48,business," Based on the data provided, here is my credit risk analysis:

This 48 year old male has a highly skilled job, owns his housing, has a moderate checking account, and is requesting a 12,204 credit amount over 48 month duration for a business purpose. His moderate checking account indicates a reasonable financial foundation to support repaying the loan. The lengthy 48 month duration allows for manageable installments given the sizable 12,204 credit amount. Since the purpose is for business, there is potential",unknown
27,male,3,free,,moderate,9157,60,radio/TV," Based on the data provided, here is my credit risk analysis:

This 27 year old male has a highly skilled job and lives in free housing, indicating a good financial situation. His moderate checking account also shows reasonable financial management. He is requesting a $9,157 loan with a 5 year duration, likely to purchase a major item like a car or furniture. Given his skilled job, the loan size is manageable for someone in his situation. The duration is also reasonable. Overall I woul",unknown
37,male,2,rent,little,little,3676,6,car," Based on the provided data, this 37 year old male has a skilled job, rents his housing, has little savings and a little amount in his checking account. He has requested a $3,676 car loan to be paid back over 6 months. 

With his skilled job, it is reasonable that he would have a small amount of savings and in his checking account. The loan amount and duration seem reasonable given he likely needs a car for work purposes. Overall there are no red flags from a",unknown
21,female,2,rent,moderate,moderate,3441,30,furniture/equipment," Based on the data provided, here is my credit risk analysis:

This is a 21 year old female with a skilled job who is renting her housing. She has moderate savings and checking account balances. She has applied for a $3,441 loan with a 30 month duration to purchase furniture or equipment. 

Given her young age, steady skilled employment, moderate savings, and reasonable loan amount and duration, I would assess her as a low to moderate credit risk. The loan details seem",unknown
49,male,1,own,little,,640,12,car," Based on the data provided, here is my credit risk analysis:

This 49 year old male has an unskilled but resident job, lives in his own housing, has little savings, and is seeking a 12 month, $640 car loan. His limited savings suggests he has little financial cushion, which could make repayment ability questionable if he encounters hardship. However, being in the resident category improves the reliability of his employment. The loan amount and duration seem reasonable for his profile. 

Overall",unknown
27,male,2,own,little,moderate,3652,21,business," Based on the data provided, here is my credit risk analysis:

This 27 year old male has a skilled job and owns his housing. He has little savings but a moderate checking account. He is requesting a $3,652 business loan for 21 months. 

Given his skilled job, ownership of housing, and moderate checking account activity, he seems to demonstrate financial stability necessary to manage repayment of the loan amount requested. The purpose being for business also suggests he has an intended use for the",good risk
32,male,2,own,little,,1530,18,car," Based on the data provided, here is my credit risk analysis:

This 32 year old male has a skilled job and owns his housing. He has little savings and is seeking a 1530 credit amount over an 18 month duration to purchase a car. The limited savings is a bit concerning for repayment ability. However, his skilled job status and housing ownership provide some offsetting stability. The credit amount is also relatively small given the characteristics. Overall I would rate this as a moderate, or perhaps border",unknown
38,male,2,own,,,3914,48,business," Based on the limited data provided, here is my credit risk analysis:

This 38 year old male customer works a skilled job and owns his housing. He is requesting a 3914 credit amount for a business purpose, to be paid back over 48 months. With the job stability of a skilled position along with home ownership, he seems to present a reasonable credit risk at this point. Additional insights could be gained by knowing more details about his saving and checking account balances. Approving him for this loan",unknown
22,female,2,rent,little,little,1858,12,furniture/equipment," Based on the data provided, this is a 22 year old female with a skilled job who rents her housing. She has little money in her saving and checking accounts, and has taken out a 1,858 credit amount loan with a 12 month duration to purchase furniture or equipment. 

As she is young and employed with a skilled job, she likely has good income potential even though her current savings are small. The loan amount and duration are also relatively small and short, suggesting responsible borrowing. The purpose",good risk
65,male,2,free,little,little,2600,18,radio/TV," Based on the data provided, here is my credit risk analysis:

This 65 year old male has a skilled job and lives in free housing, indicating a moderately stable financial situation. His saving and checking accounts are categorized as ""little"", meaning limited funds, which is less ideal for this loan amount and duration. However, the $2,600 credit amount for an 18 month duration to purchase a radio/TV is reasonable given his job status. The loan-to-income ratio appears manageable",good risk
35,male,2,own,,,1979,15,radio/TV," Based on the limited data provided, here is my credit risk analysis:

This 35 year old male customer works a skilled job, owns his housing, and is seeking a 1,979 credit amount over 15 months to purchase a radio/TV. His credit risk seems low given his skilled employment status and owned residence. Without further data on his saving and checking accounts, I cannot make a more detailed assessment of his financial reserves. Overall, if the credit amount and duration align with his income, an",bad risk
41,male,2,own,little,rich,2116,6,furniture/equipment," Based on the data provided, here is my credit risk analysis:

This 41 year old male customer has a skilled job, owns his housing, has little savings but a rich checking account, and is requesting a 2,116 credit for a 6 month duration to purchase furniture or equipment. His profile presents low to moderate credit risk overall. While his little savings could indicate lower financial cushion, his skilled job status and rich checking account help mitigate this concern. The credit amount requested is also relatively low given",good risk
29,male,2,own,moderate,moderate,1437,9,car," Based on the data provided, here is my credit risk analysis:

This 29 year old male has a skilled job and owns his housing. He has moderate savings and checking account balances. He is requesting a $1,437 car loan for 9 months. 

Given his relatively young age, stable skilled employment, home ownership, and moderate savings, he seems to demonstrate responsible financial management. The loan amount and duration also seem reasonable relative to his profile. 

Overall I would rate him as",good risk
36,male,2,own,quite rich,,4042,42,furniture/equipment," Based on the provided data, this 36 year old male has a skilled job and owns his housing. He has quite rich saving accounts and took out a $4,042 loan with a 42 month duration to purchase furniture or equipment. His credit profile indicates he likely has the financial capacity and stability to manage this level of debt. However, without checking account details or full credit history, a more definitive credit risk assessment is not possible. Key factors in his favor are steady skilled employment, ownership of his housing",good risk
64,male,1,own,,,3832,9,education," Based on the limited data provided, here is my credit risk analysis:

This 64 year old male has an unskilled but resident job. He owns his housing. He is seeking an education loan of 3832 over 9 months. 

Given his age, he likely has stable income sources. As an unskilled but resident employee, his income is lower but regular. Home ownership also indicates financial stability to some extent. 

The loan amount requested is moderate and the duration is short",good risk
28,female,2,own,little,little,3660,24,radio/TV," Based on the data provided, here is my credit risk analysis:

The client is a 28 year old female with a skilled job. She owns her housing. Her saving and checking accounts are categorized as ""little"". She has applied for a credit amount of 3660 over a duration of 24 months, with the purpose being for a radio or TV purchase.

Given that she is relatively young and steadily employed, and has some personal funds in savings/checking, albeit categorized as little, she",unknown
44,male,2,own,little,little,1553,18,furniture/equipment," Based on the data provided, this 44 year old male has a skilled job and owns his residence. He has little savings and a little amount in his checking account. He is requesting a 1553 credit amount for a 18 month duration to purchase furniture or equipment. 

His creditworthiness seems reasonable given his stable skilled employment status and home ownership. The relatively small loan amount compared to the duration suggests he should have capacity to repay the debt. The purpose seems reasonable. 

The only minor concern",unknown
23,male,2,own,,moderate,1444,15,radio/TV," Based on the data provided, here is my credit risk analysis:

This 23 year old male has a skilled job, owns his housing, has a moderate checking account, and is requesting a 1,444 credit amount over a 15 month duration to purchase a radio/TV. His moderate checking account indicates a reasonable financial history. Given the stable skilled job and housing situation, as well as the reasonable credit amount requested for a sensible purpose over an appropriate duration, I would assess this applicant as low to",unknown
19,female,2,rent,little,,1980,9,furniture/equipment," Based on the data provided, here is my credit risk analysis:

This is a 19 year old female with a skilled job who is renting her housing. She has little savings and is requesting a $1,980 credit amount for a 9 month loan period to purchase furniture/equipment. Given her young age, current skill level, and lack of significant savings, I would consider this an application with moderate risk of default. Her loan amount and term are reasonable for someone of her demographic profile,",unknown
25,female,1,own,little,moderate,1355,24,car," Based on the data provided, here is my credit risk analysis:

The applicant is a 25 year old female with an unskilled but resident job. She owns her housing. Her saving accounts are categorized as little and her checking account is moderate. She has applied for a $1,355 car loan with a 24 month duration.

Given her young age, steady job and housing, and small but established savings and checking accounts, I would assess her as low to moderate credit risk.",good risk
47,male,2,own,little,,1393,12,education," Based on the data provided, here is my credit risk analysis:

This 47 year old male has a skilled job and owns his housing. He has little savings, which indicates limited financial resources to draw from if he encounters difficulty repaying the loan. He is requesting a 1,393 credit amount to be paid back over 12 months for an educational purpose. His skilled job status is a positive factor regarding his ability to repay. However, the relatively large loan amount compared to his limited savings would represent",unknown
28,female,2,own,quite rich,,1376,24,radio/TV," Based on the data provided, here is my credit risk analysis:

This 28 year old female has a skilled job and owns her housing. She has quite rich saving accounts. She is requesting a credit amount of 1376 over a 24 month duration to purchase a radio/TV. 

Given that she is skilled, a homeowner, and has substantial savings, she presents a low credit risk. The loan amount and duration seem reasonable for her financial profile. I would recommend approving this application.",good risk
21,male,2,own,little,,15653,60,radio/TV," Based on the data provided, here is my credit risk analysis:

This is a 21 year old male with a skilled job and an own housing situation. He has little savings and has requested a 15,653 credit amount to be paid back over 60 months for the purpose of a radio/TV purchase. 

Given the relatively young age and skilled job, he seems to have a reasonable financial foundation. The own housing also demonstrates some financial stability. While the little savings is not ideal, the",unknown
34,female,2,own,little,,1493,12,radio/TV," Based on the provided data, this 34 year old female has a skilled job and owns her housing. She has little savings and was approved for a 1493 credit amount over 12 months to purchase a radio or TV. 

With a skilled job and ownership of her housing, she seems reasonably financially stable. The relatively small loan amount over a short duration for a consumable purchase also doesn't raise any immediate red flags from a credit risk perspective. Of course more data would be needed for a comprehensive analysis",unknown
26,male,2,own,little,little,4370,42,radio/TV," Based on the data provided, here is my credit risk analysis:

This 26 year old male has a skilled job, owns his housing, has little savings and checking accounts, and is requesting a 4370 credit amount over 42 month duration to purchase a radio/TV. His profile indicates a moderate credit risk due to the following factors:

- Young age can indicate less financial stability and credit history. However at 26 with a skilled job this risk seems mitigated.

- Owning",unknown
27,female,0,own,little,little,750,18,education," Based on the data provided, here is my credit risk analysis:

The applicant is a 27 year old female with an unskilled and non-resident job. She owns her housing. Her saving and checking accounts both have little funds. She is requesting a 750 credit amount to be paid back over 18 months for education purposes.

Some strengths in this application are:
- She is young, so has many potential working years ahead to repay debt. 
- Duration of 18 months",unknown
38,male,1,own,little,moderate,1308,15,repairs," Based on the data provided, here is my credit risk analysis:

This 38 year old male has an unskilled but resident job. He owns his housing. His savings account balance is relatively low, but he has a moderate checking account balance. He has requested a 1,308 unit credit amount to be repaid over 15 months for the purpose of repairs. 

Given that he owns his housing and has a stable resident job, he likely has reasonable financial stability even if his savings are",unknown
40,male,3,own,moderate,,4623,15,education," Based on the data provided, here is my credit risk analysis:

This 40 year old male has a highly skilled job and owns his housing. He has a moderate level of savings. He is requesting a 4623 credit amount to be paid back over 15 months for education purposes. 

Given his stable employment, home ownership, and moderate savings, he seems to present low credit risk. The loan amount and duration are also reasonable given his profile. I would recommend approving this application.",good risk
33,male,2,own,little,,1851,24,radio/TV," Based on the data provided, this 33 year old male has a skilled job and owns his housing. He has little savings and was approved for an 1851 credit amount over a 24 month duration to purchase a radio or TV. 

With his skilled job, ownership of his housing and the moderate size and duration of the loan compared to his profile, I would evaluate him to be a reasonable credit risk. The purpose of the loan is for a consumable entertainment item rather than an asset, so his limite",unknown
32,male,3,own,little,little,1880,18,radio/TV," Based on the data provided, here is my credit risk analysis:

This 32 year old male has a highly skilled job, owns his housing, has little money in his saving and checking accounts, and is requesting a 1,880 credit amount for 18 months to purchase a radio/TV. His limited savings suggests he lives mostly paycheck to paycheck. However, his highly skilled job provides some financial stability. The relatively small loan amount for a reasonable purpose presents low to moderate credit risk. If",good risk
27,male,2,rent,,,7980,36,business," Based on the limited data provided, here is my credit risk analysis:

This 27 year old male has a skilled job, rents his housing, and is seeking a business loan of 7980 over 36 months. His credit risk seems moderate given his skilled employment status and the reasonable loan amount and duration. However, without information on his saving and checking account balances, I cannot fully assess his financial reserves and liquidity. Overall I would rate him as a moderate credit risk at this time based on the",bad risk
32,male,2,own,little,little,4583,30,furniture/equipment," Based on the data provided, this 32 year old male has a skilled job and owns his housing. He has taken out a 4,583 credit amount loan with a 30 month duration to purchase furniture/equipment. His saving and checking accounts are categorized as 'little'. As a skilled worker who owns his residence, he presents a reasonable credit risk profile. The 30 month duration is not excessive for the furniture/equipment purpose stated, and the moderate 4,583 credit amount should be serviceable given his job",good risk
26,female,2,own,quite rich,,1386,12,car," Based on the provided data, this 26 year old female has a skilled job and owns her housing. She has quite rich saving accounts and took out a 1386 credit amount loan with a 12 month duration to purchase a car. 

As she is young and skilled, combined with decent savings and moderate loan amount for a reasonable purpose and term, she seems like a reasonable credit risk. The loan details fit with her profile and personal financial situation. As long as she has a steady skilled job and income",good risk
38,male,2,free,little,rich,947,24,car," Based on the data provided, here is my credit risk analysis:

This 38 year old male has a skilled job and lives in free housing. He has little savings but a rich checking account. He is requesting a 947 credit amount to purchase a car, to be paid back over 24 months. 

My assessment is that he poses a low credit risk for the following reasons:

- His skilled job provides stable income to pay back the loan. 
- The loan amount is",unknown
40,male,1,rent,little,little,684,12,education," Based on the data provided, here is my credit risk analysis:

This 40 year old male has an unskilled but resident job. He is currently renting his housing. His saving and checking accounts are categorized as little. He is requesting a 684 credit amount for an education purpose, with a 12 month duration.

Given the little balances in his saving and checking accounts, I would be concerned about his ability to make the loan payments consistently, especially if any unexpected expenses come up",bad risk
50,male,3,free,little,little,7476,48,education," Based on the data provided, here is my credit risk analysis:

This 50 year old highly skilled male has a relatively low risk profile. Being highly skilled generally correlates with higher and more stable income. The free housing also reduces living expenses and financial obligations. 

The credit amount requested is 7476 for an education purpose over a 48 month duration. This seems to be a reasonable credit request for funding an education purpose.

This person has little savings and checking account balances. This is somewhat",unknown
37,male,1,own,little,moderate,1922,12,furniture/equipment," Based on the data provided, here is my credit risk analysis:

This 37 year old male has an unskilled but resident job. He owns his house and has little savings but a moderate checking account. He is requesting a $1,922 loan for 12 months to purchase furniture or equipment. 

Given his stable residency and home ownership, I would consider him low risk despite his limited savings. The loan amount and duration seem reasonable given his profile. I see no red flags that",unknown
45,male,2,own,little,little,2303,24,car," Based on the data provided, here is my credit risk analysis:

This 45 year old male customer has a skilled job, owns his housing, has little savings and checking account balances, and is requesting a 2,303 credit amount over a 24 month duration to purchase a car. 

The customer's stable skilled employment and home ownership suggest he has a moderate income and assets to make regular debt payments. The limited savings and checking accounts are less positive signs regarding his ability to withstand financial hardship.",unknown
42,male,3,own,moderate,moderate,8086,36,car," Based on the data provided, here is my credit risk analysis:

This 42 year old male has a highly skilled job, owns his housing, has moderate saving and checking accounts, and is seeking an 8,086 credit amount over a 36 month duration to purchase a car. His profile presents low credit risk overall:

- Age and job stability suggest he has a steady income to make repayments. 

- Owning housing implies financial responsibility.

- Having moderate saving and checking",unknown
35,male,2,own,little,,2346,24,car," Based on the data provided, here is my credit risk analysis:

This 35 year old male has a skilled job and owns his housing. He has little savings and requested a 2346 credit amount to purchase a car, to be paid back over 24 months. 

Given his stable skilled employment, ownership of housing, and moderate credit amount requested that will be paid back within 2 years, he represents a low to moderate credit risk. The limited savings is a bit concerning but overall he seems to",unknown
22,male,2,free,little,little,3973,14,car," Based on the data provided, here is my credit risk analysis:

This 22 year old male has a skilled job and lives in free housing. He has little savings and a little amount in his checking account. He is requesting a 3,973 credit amount to purchase a car, to be paid back over 14 months. 

Given his skilled job, the credit amount requested and duration of the loan seem reasonable for the purpose of purchasing a car. The relatively short duration of 14 months is also",unknown
41,male,1,own,little,moderate,888,12,car," Based on the data provided, here is my credit risk analysis:

This 41 year old male has an unskilled but resident job. He owns his house and has little savings but a moderate checking account. He is requesting an 888 credit for 12 months to purchase a car. 

The moderate checking account demonstrates some financial responsibility. However, the little savings coupled with his unskilled job would make me hesitant to approve a loan of this duration and amount. Additional data on his",unknown
37,male,2,own,,,10222,48,radio/TV," Based on the provided personal data, here is my credit risk analysis:

This 37 year old male has a skilled job, owns his housing, and is requesting a 10,222 credit amount over a 48 month duration to purchase a radio/TV. His profile presents low credit risk for the following reasons:

- At 37 years old, he is likely in his prime earning years and able to repay debts. 

- Being skilled (Job category 2) suggests stable income to service the",unknown
28,female,2,own,little,moderate,4221,30,business," Based on the data provided, here is my credit risk analysis:

This 28 year old female has a skilled job and owns her housing. She has little savings but a moderate checking account. She is requesting a 4221 credit line for a 30 month business loan. 

Given her skilled employment, ownership of her housing and moderate liquid assets, she presents a reasonable credit risk profile for the requested amount and duration despite having limited savings. Additional data on her income, existing debts or credit history woul",unknown
41,male,2,own,little,moderate,6361,18,furniture/equipment," Based on the provided data, this 41 year old male has a skilled job and owns his housing. He has little savings and a moderate checking account. He is seeking a 6,361 credit line for 18 months to purchase furniture or equipment. 

His age and skilled job status suggest he has a reasonable income. Home ownership also implies financial responsibility. While his savings are low, the moderate checking account balances this somewhat. The credit amount requested is significant but the 18 month duration suggests he intends to repay",good risk
23,male,2,rent,little,rich,1297,12,radio/TV," Based on the data provided, here is my credit risk analysis:

This 23 year old male has a skilled job and is currently renting his housing. He has little savings but a rich checking account. He is requesting a 1297 credit amount to be paid back over 12 months for the purpose of a radio/TV purchase. 

Given his skilled employment status and the ability to afford rich checking account activity, he seems to demonstrate responsible financial management capacity. The loan amount and duration seem reasonable",good risk
23,male,2,own,,little,900,12,car," Based on the data provided, here is my credit risk analysis:

The applicant is a 23 year old male with a skilled job. He owns his housing. His checking account balance is relatively low, categorized as 'little'. He is requesting a 900 credit amount to be paid back over 12 months for the purpose of purchasing a car.

Given his young age, steady skilled employment, home ownership and relatively small loan amount compared to the duration, I would assess him as low to moderate credit",good risk
50,male,2,own,little,,2241,21,furniture/equipment," Based on the data provided, this 50 year old male has a skilled job and owns his housing. He has little savings and took out a 2241 credit for a duration of 21 months to purchase furniture or equipment. His limited savings suggests he may struggle to repay the loan, so additional scrutiny may be warranted before approving the application.",unknown
35,male,3,own,little,moderate,1050,6,furniture/equipment," Based on the data provided, this 35 year old highly skilled male has an own housing situation. He has a credit amount of 1050 for a 6 month duration, with the purpose of acquiring furniture or equipment. His little savings account and moderate checking account indicate a relatively stable financial situation that can support a credit amount of this size over the requested loan term. Given his stable employment status as a highly skilled worker, along with adequate savings and income to support the credit amount and loan duration, this borrower",good risk
50,female,1,own,little,rich,1047,6,education," Based on the data provided, here is my credit risk analysis:

The applicant is a 50 year old female with an unskilled but resident job. She owns her house and has little savings but a rich checking account. She is requesting a credit amount of 1047 for an education purpose over a duration of 6 months. 

Some insights into credit risk:
- Her age of 50 implies she likely has a steady income stream. This is a positive factor.
- Being female has",unknown
27,male,3,own,little,,6314,24,vacation/others," Based on the provided data, this 27 year old highly skilled male owns his housing and has a little savings account. He is requesting a credit amount of 6314 for a duration of 24 months, with the purpose being for a vacation or other personal expenses. 

As he is highly skilled and a homeowner, he likely has a steady income stream. The modest credit amount requested along with the shorter duration of 24 months suggests he does not wish to take on excessive debt relative to his income. While",good risk
34,male,2,own,rich,moderate,3496,30,furniture/equipment," Based on the data provided, this 34 year old male has a skilled job and owns his housing. He has a rich saving account and a moderate checking account. He has requested a £3,496 credit amount for a 30 month duration for the purpose of purchasing furniture/equipment. His employment status, home ownership, and significant savings accounts would indicate a lower risk for default on a credit application such as this. Additional data on his income levels, existing debts and credit history would allow for a more thorough",good risk
27,female,2,own,little,,3609,48,business," Based on the data provided, here is my credit risk analysis:

This 27 year old female has a skilled job and owns her housing. She has little savings, which indicates limited financial resources to withstand income disruptions. However, she is seeking a 3,609 credit amount to be repaid over 48 months for business purposes. The medium loan amount and repayment duration suggests she requires capital to potentially invest in developing her career.

Overall, the credit risk appears moderate. Her skillset provides",bad risk
43,male,2,rent,little,little,4843,12,car," Based on the data provided, here is my credit risk analysis:

This 43 year old male has a skilled job and rents his housing. He has little savings in both his saving and checking accounts. He is requesting a 4843 credit amount to purchase a car, to be paid back over 12 months. 

Given that he is skilled and employed, he likely has a moderate and steady income stream to make the required payments. The loan amount and duration seem reasonable given his limited savings. The",unknown
47,male,2,own,little,rich,3017,30,radio/TV," Based on the provided personal data, I can make the following credit risk analysis:

The person is 47 years old, which indicates established creditworthiness. Being male also correlates slightly with lower credit risk. As a skilled worker with an own housing situation, he seems financially stable. Having rich checking account funds demonstrates access to liquidity, while little savings could suggest he utilizes his income instead of saving. 

The 3,017 credit amount for a 30 month duration is reasonable given his profile,",unknown
27,male,1,own,moderate,,4139,24,business," Based on the data provided, here is my credit risk analysis:

This 27 year old male has an unskilled but resident job. He owns his housing and has a moderate saving account. He has requested a credit amount of 4139 for a business purpose, to be paid back over 24 months. 

Given his relatively young age and steady resident job, he seems to demonstrate some financial stability. The fact that he owns his housing also indicates this. Having a moderate level of savings suggests",unknown
31,male,2,own,moderate,,5742,36,business," Based on the provided data, this 31 year old male has a skilled job and owns his housing. He has a moderate level of savings, which likely indicates responsible financial habits. He has requested a 5,742 credit amount to be paid back over 36 months for business purposes. Given his stable employment, ownership of housing, and moderate savings, he seems to present a reasonable credit risk. I cannot make inferences about his checking account activity since that data was not provided. Without more details it is difficult to",good risk
42,male,3,own,little,,10366,60,car," Based on the data provided, this 42 year old highly skilled male owns his housing and has a little savings account. He is requesting a 10,366 credit amount over 60 month duration to purchase a vehicle. 

His highly skilled job status and home ownership are positive signs regarding his credit worthiness. The relatively small savings account is less ideal for judging his ability to repay loans, but overall he seems to have a reasonable financial profile for this average sized 60 month car loan. Assuming his income supports the",good risk
24,male,2,own,quite rich,,2080,6,car," Based on the data provided, here is my credit risk analysis:

This 24 year old male has a skilled job and owns his housing. He has quite rich saving accounts. He is requesting a 2080 credit amount for a 6 month car loan. 

Given his young age, stable skilled employment, home ownership, and substantial savings, he presents a low credit risk. The moderate credit amount and short 6 month duration of the car loan should be very manageable for him.

I",good risk
41,male,1,own,quite rich,,2580,21,business," Based on the data provided, I can make the following credit risk analysis:

This is a 41 year old male with an unskilled but resident job. He owns his housing. His saving accounts are categorized as quite rich. He has requested a credit amount of 2580 over a duration of 21 months for a business purpose.

Given that he is in the resident category and owns his housing, it indicates a moderate degree of financial stability. The quite rich saving accounts also demonstrate his ability",unknown
26,female,3,rent,little,,4530,30,radio/TV," Based on the data provided, here is my credit risk analysis:

This is a 26 year old female with a highly skilled job. She is currently renting her housing. She has little savings in her saving accounts. She has requested a 4530 credit amount to be paid back over 30 month duration, with the purpose listed as purchasing a radio/TV.

Given her young age, highly skilled job status, and moderate credit amount requested for a reasonable purpose and duration, I would assess",unknown
33,male,2,own,little,,5150,24,furniture/equipment," Based on the data provided, this 33 year old male has a skilled job and owns his housing. He has little savings, and requested a 5,150 credit amount over a 24 month duration to purchase furniture/equipment. 

His skilled job status and ownership of housing suggest he has a moderate financial profile. The little savings indicates limited assets to cover the loan if issues arise. The requested credit amount and duration seem reasonable given the purpose is furniture/equipment purchases. 

Overall I would rate this",unknown
24,male,2,own,moderate,moderate,5595,72,radio/TV," Based on the data provided, this 24 year old male has a skilled job and owns his housing. He has moderate savings and checking account balances. He has taken out a 5595 credit amount loan with a 72 month duration to purchase a radio or TV. 

With his skilled job, ownership of his housing and moderate savings, he seems to demonstrate a reasonable financial profile. The loan amount and duration seem appropriate for the radio/TV purpose. Overall there does not appear to be any obvious credit risks",unknown
64,male,1,rent,little,little,2384,24,radio/TV," Based on the data provided, here is my credit risk analysis:

This 64 year old male has an unskilled but resident job. He is renting his housing. His saving and checking accounts are categorized as little. He has applied for a 2384 credit amount to be paid back over 24 months for the purpose of a radio/TV purchase. 

Given his age, employment status as a resident, and the relatively small loan amount compared to the duration, I would evaluate him as",unknown
26,female,2,own,little,,1453,18,radio/TV," Based on the provided data, this 26 year old female has a skilled job and owns her housing. She has little savings and was approved for a 1,453 credit amount over an 18 month duration to purchase a radio or TV. 

With her skilled job, home ownership and some savings, she seems to demonstrate a reasonable financial profile for this mid-sized 1.5 year consumer loan. The purpose is also for a common household durable good.

Given the data available, I don't",unknown
56,female,2,own,little,,1538,6,education," Based on the data provided, here is my credit risk analysis:

This 56 year old female has a skilled job and owns her housing. She has little savings, which indicates limited financial reserves. She is seeking a relatively small credit amount of 1538 for an education purpose over a 6 month duration. Her credit risk level appears low given her stable employment, ownership of her housing, and modest loan amount and duration to pursue further skills training. The only concern would be her limited savings as financial buffer",good risk
37,male,2,free,,,2279,12,radio/TV," Based on the provided personal data, here is my credit risk analysis:

This 37 year old male has a skilled job, lives in free housing, and is requesting a 2279 credit amount over 12 months to purchase a radio/TV. His credit worthiness seems reasonable given his steady skilled employment. However, without further data on his saving and checking account balances, a more thorough credit evaluation is difficult. Still, the loan duration is relatively short and the purpose seems reasonable. Unless additional negative factors",unknown
33,male,2,own,little,,1478,15,radio/TV," Based on the provided data, this 33 year old male has a skilled job and owns his housing. He has little money in his saving accounts. He was approved for a 1478 credit amount to be paid back over 15 months for the purpose of buying a radio or TV. Having little savings could indicate a higher credit risk if his income flows are disrupted and he has minimal reserves to service the debt. The relatively short 15 month duration suggests the loan is appropriately sized for his profile rather than overextended.",good risk
47,male,2,free,little,,5103,24,radio/TV," Based on the data provided, here is my credit risk analysis:

This 47 year old male has a skilled job and lives in free housing. He has little savings. He is requesting a 5,103 credit amount to be paid back over 24 months for the purpose of a radio/TV purchase.

Given his skilled job, the 24 month duration is reasonable for paying back the 5,103 credit amount. The purpose seems to be a personal purchase rather than a business investment. With little",unknown
31,male,1,own,moderate,moderate,9857,36,business," Based on the data provided, here is my credit risk analysis:

This 31 year old male has an unskilled but resident job. He owns his housing. With moderate saving and checking accounts, he has applied for a relatively large $9,857 business loan with a 3 year duration. 

The age, job stability from residency, home ownership and moderate savings suggest a reasonable financial profile. The purpose seems reasonable as well to support a business venture.

The loan amount is",unknown
34,male,2,free,,,6527,60,car," Based on the data provided, here is my credit risk analysis:

This 34 year old male has a skilled job and lives in free housing. He is requesting a 6527 credit amount to be paid back over 60 months for the purpose of purchasing a car. His credit risk level seems moderate. His skilled job status and long loan duration suggest he has the means to make repayments. The loan amount is also moderate compared to his likely income. The purpose being an automobile carries moderate default risk.",unknown
27,male,2,own,,rich,1347,10,radio/TV," Based on the data provided, here is my credit risk analysis:

This 27 year old male has a skilled job and owns his housing. He has a rich checking account. He is requesting a credit amount of 1347 for a duration of 10 months to purchase a radio/TV. 

Given his relatively young age, stable skilled employment status and home ownership, he seems to demonstrate a reasonable financial foundation. The rich checking account also indicates consistent income and cash flow. The credit amount requested is",good risk
30,male,2,free,moderate,moderate,2862,36,car," Based on the data provided, here is my credit risk analysis:

This 30 year old male has a skilled job and lives in free housing. He has moderate savings and checking accounts. He is requesting a $2,862 car loan for 36 months. 

Given his skilled employment, moderate savings, and reasonable loan details related to a car purchase, I would rate him as low-moderate credit risk. The loan amount and duration seem reasonable given his profile. As he has steady skilled employment",unknown
35,male,2,own,moderate,,2753,9,radio/TV," Based on the data provided, here is my credit risk analysis:

This 35 year old male has a skilled job and owns his housing. He has a moderate saving account. He is requesting a 2,753 credit amount for a 9 month duration to purchase a radio/TV. 

Given his skilled job, home ownership and moderate savings, he seems to demonstrate financial stability. The credit amount requested is also not too high relative to his profile. The 9 month loan duration for a radio/",good risk
31,male,2,own,rich,little,3651,12,car," Here is my credit risk analysis for the provided person:

This 31 year old male has a skilled job and owns his housing. He has a rich saving account but a little checking account. He has requested a $3,651 car loan for 12 months. His strong saving account assets put him in a good financial position to repay this medium-sized 1 year car loan. The loan purpose and duration seem reasonable given his profile. Overall I would rate this person as low credit risk.",good risk
25,male,2,own,little,little,975,15,furniture/equipment," Based on the data provided, here is my credit risk analysis:

This 25 year old male has a skilled job and owns his housing. He has little money in his saving and checking accounts. He is requesting a 975 credit for 15 months to purchase furniture or equipment. 

Given his young age, steady skilled employment, and home ownership, he seems to demonstrate financial stability that would support repaying this relatively small loan within the 15 month term, assuming he has limited other major financial obligations",good risk
25,female,1,own,moderate,moderate,2631,15,repairs," Based on the data provided, here is my credit risk analysis:

The applicant is a 25 year old female with an unskilled but resident job. She owns her housing. Her moderate savings and checking accounts indicate a reasonable financial foundation. The applicant has requested a $2,631 loan for housing repairs to be repaid over 15 months. The purpose of home repairs and moderate loan amount over a relatively short duration pose low credit risk. The applicant's residency, home ownership, and moderate",good risk
29,male,2,own,moderate,moderate,2896,24,radio/TV," Based on the data provided, here is my credit risk analysis:

This 29 year old male has a skilled job and owns his housing. He has moderate savings and checking accounts. He is requesting a $2,896 loan for 24 months to purchase a radio or TV. Given his stable employment, ownership of his housing, moderate savings and checking balances, and reasonable loan amount and duration to purchase an entertainment item, I assess him as a low to moderate credit risk. Supporting his loan request",good risk
44,male,1,own,,little,4716,6,car," Based on the data provided, here is my credit risk analysis:

The applicant is a 44 year old male with an unskilled but resident job. He owns his housing. His checking account is categorized as having little funds. He has applied for a $4,716 car loan with a 6 month duration.

As an unskilled but resident worker, he likely has a steady low-moderate income stream. Home ownership demonstrates financial responsibility. While his checking account balance is lower,",unknown
28,male,2,own,little,,2284,24,radio/TV," Based on the data provided, here is my credit risk analysis:

This 28 year old male has a skilled job and owns his housing. He has little savings and has taken out a 2284 credit amount loan with a 24 month duration to purchase a radio/TV. His limited savings would indicate he has a moderate risk profile, however his skilled employment status helps offset some of that risk. The relatively small loan amount for a medium duration essential purpose loan should be manageable for him provided he maintains",unknown
50,male,2,rent,quite rich,,1236,6,car," Based on the provided data, this 50 year old male has a skilled job and rents his housing. He has quite rich saving accounts. He is seeking a 1236 credit amount for a 6 month car loan. 

As an expert in credit risk analysis, there are a few factors I would consider in assessing the risk level of this loan application:

Age & Job Stability: At 50 with a skilled job, this applicant likely has reasonably stable income to repay the loan. The age an",good risk
29,male,2,own,little,moderate,1103,12,radio/TV," Based on the data provided, here is my credit risk analysis:

This is a 29 year old male with a skilled job who owns his housing. He has a little savings account and a moderate checking account. He is requesting a 1,103 credit amount for a 12 month duration to purchase a radio/TV. 

Given his relatively young age, skilled employment status, home ownership, some savings, average use of checking account, moderate credit amount compared to income level, and reasonable loan purpose",good risk
38,female,0,own,little,,926,12,car," Based on the limited data provided, here is my credit risk analysis:

This 38 year old female has an unskilled and non-resident job, lives in her own housing, has little savings, and is seeking a 926 credit amount over 12 months to purchase a car. Her limited savings and unskilled employment status suggest she may struggle with repayment ability. However, owning her housing and seeking a relatively small loan over a short duration imply some financial stability. I would recommend a thorough",unknown
24,male,2,own,little,,1800,18,radio/TV," Based on the data provided, here is my credit risk analysis:

This is a 24 year old male with a skilled job who owns his housing. He has little savings and has taken out a 1800 credit for a radio/TV over an 18 month duration. His limited savings suggests he has limited financial buffers, but his skilled job and housing ownership indicate some financial stability. The loan amount and duration seem reasonable given his profile. Overall I would rate this as a moderate credit risk. Monitoring his ability",unknown
40,male,3,rent,little,rich,1905,15,education," Based on the data provided, here is my credit risk analysis:

This 40 year old male has a highly skilled job, which indicates a good and steady income. He is currently renting his housing. Having little savings but a rich checking account suggests he may live beyond his means. He has requested a $1905 loan for 15 months in order to pay for education. Overall this borrower has a mixed credit profile. His skilled job and need for education financing are positive signs, but his minimal",unknown
29,female,1,rent,quite rich,,1123,12,furniture/equipment," Based on the data provided, here is my credit risk analysis:

This 29 year old female has an unskilled but resident job. She is currently renting her housing. Her saving accounts are quite rich, indicating good financial habits. She has requested a credit amount of 1123 for a duration of 12 months to purchase furniture/equipment. 

Given her young age, steady job, good saving habits and moderate credit request for an essential purpose, I would rate her as a low to",unknown
46,male,2,free,little,little,6331,48,car," Based on the data provided, here is my credit risk analysis:

The applicant is a 46 year old male with a skilled job. He lives in free housing, suggesting he may not have major housing expenses. He has little savings and a little amount in his checking account. This indicates a lower financial cushion, which could pose a repayment risk if he faces financial difficulties. 

He has applied for a 6331 credit amount to purchase a car, to be repaid over 48 months. As",unknown
47,female,2,free,moderate,rich,1377,24,radio/TV," Based on the data provided, here is my credit risk analysis:

This 47 year old female customer works a skilled job and lives in free housing. She has a moderate level of savings and a rich checking account. She has applied for a 1,377 credit amount to be paid back over 24 months for the purpose of a radio/TV purchase. 

Given that she is employed in a skilled position and has moderate to rich cash reserves, she seems to demonstrate responsible financial habits. The credit",unknown
41,male,2,own,moderate,moderate,2503,30,business," Based on the data provided, here is my credit risk analysis:

This 41 year old male has a skilled job, owns his housing, has moderate savings and checking account balances, and is requesting a $2,503 business loan for 30 months. His profile presents low to moderate credit risk. His skilled job and ownership of housing demonstrate financial stability. The moderate savings and checking accounts indicate responsible money management. The credit amount is reasonable given his profile, as is the 30 month duration. The purpose",good risk
32,female,2,own,little,moderate,2528,27,business," Based on the data provided, here is my credit risk analysis:

The applicant is a 32 year old female with a skilled job. She owns her housing. She has little savings but a moderate checking account balance. She is requesting a 2528 credit amount to be paid back over 27 months for business purposes. 

Some positive factors regarding creditworthiness:
- The applicant is employed in a skilled position, suggesting reliable income.
- She owns her housing, indicating financial stability.",unknown
35,female,2,free,quite rich,,5324,15,car," Based on the data provided, here is my credit risk analysis:

This 35 year old female has a skilled job and lives in free housing, indicating a moderately stable financial situation. She has quite rich saving accounts, allowing her to accumulate assets. She is requesting a 5324 credit amount to purchase a car, to be paid back over 15 months. 

The credit amount requested is moderately high given her job and assets. However, since she has substantial savings, she likely has the capability to",unknown
24,male,2,own,moderate,moderate,6560,48,car," Based on the data provided, here is my credit risk analysis:

This 24 year old male has a skilled job and owns his housing. He has moderate savings and checking accounts. He is requesting a $6,560 car loan for 48 months. His age, employment, and moderate savings suggest he has a reasonable financial profile to manage this auto loan. The loan amount and duration seem in line with financing an average priced used car purchase. If his income supports the ability to make the monthly",unknown
25,female,2,rent,little,moderate,2969,12,furniture/equipment," Based on the data provided, here is my credit risk analysis:

This is a 25 year old female with a skilled job who is renting her housing. She has a little savings account and a moderate checking account. She is requesting a 2,969 credit amount to be paid back over 12 months for the purpose of purchasing furniture/equipment.

Given her relatively young age, skilled employment status, moderate checking account balances, and reasonable loan purpose and term, I would assess her as a",unknown
25,female,2,own,little,moderate,1206,9,radio/TV," Based on the data provided, here is my credit risk analysis:

This 25 year old female has a skilled job and owns her housing. She has little savings but a moderate checking account. She is requesting a 1206 credit amount to be paid back over 9 months for the purpose of a radio/TV purchase. 

Given her relatively young age, stable skilled employment status, and ownership of her housing, she seems to demonstrate a reasonable financial profile. The moderate checking account indicates some financial cushion",unknown
37,male,1,own,little,moderate,2118,9,radio/TV," Based on the data provided, here is my credit risk analysis:

This 37 year old male has an unskilled but resident job, lives in his own house, has little savings but a moderate checking account, and is requesting a $2,118 loan for 9 months to purchase a radio/TV. His modest income and savings indicate limited ability to take on debt, but the small loan amount and short duration suggest he may be able to repay without too much difficulty. The loan purpose is",unknown
32,male,3,own,quite rich,,629,18,radio/TV," Based on the data provided, this 32 year old male has highly skilled employment, owns his housing, has quite rich saving accounts, was approved for a 629 credit amount over an 18 month duration, and is seeking the loan to purchase a radio or TV. 

His highly skilled job status and home ownership indicate financial stability. The quite rich saving account further demonstrates consistent savings habits and financial health. An 18 month loan term is moderate, suggesting he anticipates being able to pay back the 629",good risk
35,female,2,free,little,little,1198,6,education," Based on the data provided, here is my credit risk analysis:

The applicant is a 35 year old female with a skilled job. She lives in free housing, indicating limited financial commitments to housing costs. She has little money in her saving and checking accounts. She has applied for a relatively small credit amount of 1198 for an education purpose over a 6 month duration. 

Given her skilled job, the credit amount and duration requested seem reasonable for funding educational expenses. The free housing also allows",unknown
46,male,3,own,,,2476,21,car," Based on the provided data, this 46 year old highly skilled male has an own housing situation and is seeking a 21 month, $2,476 car loan. With a highly skilled job, ownership housing and a reasonable loan amount and duration, this borrower initially presents a low-moderate credit risk. However, without the additional context provided by his saving and checking account types, a full assessment of credit risk is difficult. Overall though, the information provided indicates this person may be a reasonably good credit risk",good risk
25,male,1,own,little,little,1138,9,radio/TV," Based on the data provided, here is my credit risk analysis:

This 25 year old male has an unskilled but resident job. He owns his housing and has both little savings and a little checking account. He is requesting a 1,138 credit amount to be paid back over 9 months for the purpose of a radio/TV purchase. 

Given his relatively young age, steady job, home ownership, and small loan request for a reasonable duration, I would consider him low risk for",unknown
27,male,3,own,little,moderate,14027,60,car," Based on the data provided, this is a 27 year old male with a highly skilled job who owns his housing. He has requested a 60 month $14,027 auto loan. His moderate checking account balances indicate responsible financial management. While his limited savings suggest room for improvement in building emergency funds, his high income job, housing ownership and moderate checking provide good indicators for ability to repay this auto loan. Provided his income can support the new debt obligation, I would rate him as a moderate credit risk",good risk
63,male,2,own,,,7596,30,car," Based on the data provided, here is my credit risk analysis:

This 63 year old male customer works a skilled job and owns his housing. He is requesting a 30 month, $7,596 loan for the purpose of purchasing a car. Given his skilled employment status and home ownership, he seems to have a reasonable financial foundation to manage this auto loan. The loan amount and duration seem in line with typical auto financing terms. Without further insight into his full financial profile, there does not appear",unknown
40,male,2,own,,,3077,30,radio/TV," Based on the limited data provided, here is my credit risk analysis:

This 40 year old male customer has a skilled job, owns their housing, and is seeking a 3077 credit amount over a 30 month duration to purchase a radio/TV. Their credit risk seems moderate given their skilled employment status and owned housing. However, without further data on their saving and checking account balances, I cannot fully assess their credit worthiness or risk level. Additional data on their current incomes, existing debts,",unknown
32,male,3,free,little,,1505,18,radio/TV," Based on the data provided, here is my credit risk analysis:

This 32 year old male has a highly skilled job and lives in free housing, indicating a relatively stable financial situation. With little savings, he may have limited financial cushions. He has requested a 1505 credit amount to be repaid over 18 months for the purpose of a radio/TV purchase. As the loan duration is relatively short and he is highly skilled, he may be able to repay this loan amount. However,",unknown
31,male,2,own,,rich,3148,24,radio/TV," Based on the data provided, here is my credit risk analysis:

This 31 year old male has a skilled job and owns his housing. He has a rich checking account. He is requesting a 3,148 credit amount to be paid back over 24 months for the purpose of a radio/TV purchase.

Given this client's stable skilled employment, home ownership, and substantial assets in his checking account, he presents a low credit risk. The credit amount requested is moderate compared to his income",good risk
31,male,2,own,moderate,moderate,6148,20,car," Based on the data provided, here is my credit risk analysis:

This 31 year old male has a skilled job, owns his housing, has moderate saving and checking account balances, and is seeking a 20 month, $6,148 auto loan. His profile presents low to moderate credit risk. The borrower is employed in a skilled position which indicates steady income to repay the loan. While the loan amount is substantial relative to the moderate account balances reported, the duration is short term. The state",good risk
34,male,3,own,little,rich,1337,9,radio/TV," Based on the data provided, this 34 year old male has a highly skilled job and owns his housing. He has a little savings account balance but a rich checking account balance. He is seeking a 1,337 credit amount over a 9 month duration in order to purchase a radio/TV. 

His highly skilled job status and rich checking account balance suggest he likely has a good income stream to support repayment of the loan. The purpose being a radio/TV purchase rather than an urgent expense also reduces",good risk
24,female,2,rent,rich,moderate,433,6,education," Based on the data provided, here is my credit risk analysis:

This is a 24 year old female with a skilled job who is renting her housing. She has a rich saving account and a moderate checking account. She is requesting a 433 credit amount for an education purpose over a 6 month duration. 

Given her young age, steady skilled employment, and ample savings, she presents a low credit risk. The credit amount requested is relatively low compared to her savings, and the 6 month",good risk
24,female,1,own,little,little,1228,12,car," Here is my expert credit risk analysis for the provided person:

The 24 year old female has an unskilled but resident job. She owns her housing. Given the little savings and checking accounts, she likely has a limited financial buffer. However, she has taken out a relatively small 1,228 credit amount to purchase a car - typically considered a safe investment to improve one's earning potential. The 12 month duration is also conservative. Overall, I would rate this person as a moderate credit risk",good risk
66,female,1,own,quite rich,moderate,790,9,radio/TV," Based on the data provided, here is my credit risk analysis:

This 66 year old female has an unskilled but resident job. She owns her housing. Her quite rich saving account and moderate checking account indicate she likely has a decent financial cushion, which is a positive factor. She is requesting a reasonably sized 790 credit amount to be paid back over 9 months, with the purpose being for a radio or TV purchase.

Given her age, stable resident employment status, home ownership",unknown
21,female,2,rent,little,,2570,27,car," Based on the limited data provided, here is my credit risk analysis:

This 21 year old female has a skilled job and rents her housing. She has little money in her saving accounts. She is requesting a 2,570 credit amount to be paid back over 27 months for the purpose of a car. 

Given her skilled job, the requested credit amount and duration seem reasonable for the purpose of buying a car. Having little savings could indicate that she lives paycheck to paycheck or has",unknown
41,female,1,own,rich,,250,6,car," Based on the data provided, here is my credit risk analysis:

This 41 year old female customer has an unskilled but resident job, lives in her own housing, and has a rich saving account. She is requesting a 6 month, $250 car loan. Her strong saving account assets suggest she has the means to make her loan payments andrepay the loan within the terms. The relatively small loan amount and short duration also pose little default risk. 

Overall, I would rate this",good risk
47,male,1,own,quite rich,,1316,15,radio/TV," Based on the provided data, this 47 year old male has an unskilled but resident job, owns his housing, has quite a rich saving account, took out a 1316 credit amount loan for 15 month duration to purchase a radio/TV. His credit profile indicates a moderate default risk due to steady residency status and employment with decent savings, though the loan amount and duration are on the higher side for his income level. More data could clarify further, but initial assessment is he has the means",good risk
25,female,2,rent,little,little,1882,18,radio/TV," Based on the data provided, here is my credit risk analysis:

The applicant is a 25 year old female with a skilled job. She is currently renting her housing. She has little savings in her saving accounts as well as her checking account. She has applied for a 1,882 credit amount to be paid back over 18 months for the purpose of a radio/TV purchase.

Given her relatively young age, steady skilled employment, moderate credit amount request and medium repayment duration, she",unknown
59,female,2,rent,little,moderate,6416,48,business," Based on the data provided, here is my credit risk analysis:

This 59 year old female has a skilled job and is renting her housing. She has little savings but a moderate checking account. She is requesting a 48 month, $6,416 business loan. 

Given her skilled employment, moderate liquid assets, and need for a medium-term business loan, she seems to present reasonable creditworthiness. However, her limited savings reduces her backup funds in case of income disruption.",unknown
36,male,2,own,rich,rich,1275,24,business," Based on the data provided, this 36 year old male has a skilled job and owns his housing. He has rich saving and checking accounts, indicating he likely has substantial financial assets. He has taken out a medium-sized business loan of 1275 units for a 2 year duration. Given his skilled employment, home ownership, and ample savings, he presents a low credit risk. The purpose being for business expansion is also favorable compared to personal consumption. With sound finances and assets to repay the medium term loan",good risk
33,male,2,own,little,moderate,6403,24,radio/TV," Based on the data provided, this 33 year old male has a skilled job and owns his housing. He has a little savings and a moderate checking account. He is requesting a 6403 credit amount for a 24 month duration, with the purpose being to purchase a radio or TV. 

As he is skilled and employed with moderate finances, he may present a reasonable credit risk at this amount and duration. Key factors in favor are his stable skilled job, home ownership indicating responsibility, and that he has",good risk
21,male,1,rent,little,little,1987,24,radio/TV," Based on the provided data, this is a 21 year old male with an unskilled but resident job. He is renting his housing. His saving and checking accounts both have little funds. He has requested a 1,987 credit amount to be paid back over 24 months for the purpose of a radio or TV purchase. 

His young age and unskilled job status indicate higher risk, though the resident status helps. The small saving and checking balances also indicate limited financial resources to make payments",bad risk
44,female,1,own,little,moderate,760,8,radio/TV," Based on the data provided, here is my credit risk analysis:

The client is a 44 year old female with an unskilled but resident job. She owns her house and has little savings but a moderate checking account. She is requesting a 760 credit for 8 months to purchase a radio/TV. 

Given her stable residency status and home ownership, she presents a reasonable credit risk profile. The loan amount and duration are relatively low, and the purpose of the loan as a",unknown
28,female,2,rent,rich,,2603,24,car," Based on the data provided, here is my credit risk analysis:

The client is a 28 year old female with a skilled job. She is currently renting her housing. She has a rich saving account, indicating good financial habits. She has applied for a $2,603 car loan with a 2 year duration.

Given her relatively young age, skilled job status, and rich savings account, the client seems to demonstrate financial stability and responsibility. A car loan of $2,603",good risk
37,female,2,own,little,,3380,4,car," Based on the provided data, this 37 year old female has a skilled job and owns her housing. She has little savings and was approved for a car loan of 3,380 over 4 months. As she is skilled and a homeowner, she likely has a moderate income and assets to make regular loan payments. The relatively small loan amount and short duration suggest this is a reasonable debt for her income level. With steady employment, some savings, and moderate loan terms, she presents low to moderate credit risk",good risk
29,female,0,own,,moderate,3990,36,domestic appliances," Based on the data provided, here is my credit risk analysis:

This is a 29 year old female with an unskilled and non-resident job. She owns her housing. Her checking account is moderate. She has applied for a credit amount of 3,990 over a 36 month duration to purchase domestic appliances.

Given her relatively young age and ownership of her housing, she may have a reasonable ability to repay this loan. The moderate checking account also indicates some financial responsibility. However",unknown
23,female,3,rent,little,moderate,11560,24,car," Based on the data provided, here is my credit risk analysis:

The applicant is a 23 year old female with a highly skilled job. She is currently renting her housing. She has little savings but a moderate checking account balance. She has applied for a $11,560 auto loan with a 24 month duration.

Given her young age, highly skilled job, and moderate checking account balance, she seems to have a reasonable financial profile. The loan amount and duration also seem reasonable compare",unknown
35,male,1,own,moderate,little,4380,18,car," Based on the data provided, here is my credit risk analysis:

This 35 year old male has an unskilled but resident job. He owns his housing. His moderate savings account and little checking account indicate he likely has some financial cushion, though his balances are not substantial. The $4,380 auto loan for 18 months could be manageable given his job and ownership of housing. However, the loan amount is relatively high compared to his account balances, so ability to repay will depend heavily",unknown
45,male,3,own,little,,6761,6,car," Based on the data provided, here is my credit risk analysis:

This 45 year old male has a highly skilled job, owns his housing, has little savings, and is requesting a 6761 credit amount for a 6 month car loan. His limited savings coupled with the large loan amount for a short duration are potential red flags when assessing credit risk. However, his highly skilled job and owned housing suggest he likely has income to make the payments. Additional data on his income amount and current debt obligations",unknown
26,female,1,rent,moderate,moderate,4280,30,business," Based on the data provided, here is my credit risk analysis:

This is a 26 year old female with a resident but unskilled job. She is currently renting her housing. She has moderate savings and checking account balances. She has applied for a $4,280 business loan with a 30 month duration. 

Given her young age, steady residency and job, moderate savings, and specific business purpose for the reasonable loan amount, I would assess her as a low to moderate",unknown
32,male,2,own,moderate,little,2325,24,car," This 32 year old male has a skilled job and owns his housing. His moderate savings account and little checking account indicate a financially responsible profile, though with room to grow his assets. He has requested a $2,325 car loan for 24 months. Given his stable employment, ownership of housing, and responsible management of his current accounts, I would recommend approval of this application. The loan amount and duration seem reasonable given his profile. Approving loans for responsible applicants like this supports economic mobility for skilled workers",good risk
23,male,1,own,little,moderate,1048,10,radio/TV," Based on the data provided, here is my credit risk analysis:

The borrower is a 23 year old male with an unskilled but resident job. He owns his housing. His saving accounts are categorized as little and his checking account is moderate. He is requesting a credit amount of 1048 over a 10 month duration to purchase a radio or TV. 

Given his young age, steady job and home ownership, he seems to demonstrate financial responsibility that reduces some credit risk. The loan",unknown
41,male,2,own,,,3160,21,radio/TV," Based on the limited data provided, here is my credit risk analysis:

This 41 year old male has a skilled job, owns his housing, and is seeking a 21 month, $3,160 loan to purchase a radio/TV. His skilled job status suggests a moderate and steady income to make regular loan payments. Home ownership indicates financial responsibility. The loan amount and duration seem reasonable given his income and housing status.

Unfortunately there is no data provided on his saving and checking account balances",unknown
22,male,2,own,quite rich,little,2483,24,furniture/equipment," Based on the data provided, here is my credit risk analysis:

This 22 year old male has a skilled job and owns his housing. He has quite rich saving accounts but little funds in his checking account. He is requesting a 2483 credit amount to be paid back over 24 months for the purpose of purchasing furniture/equipment. 

Given his young age, stable skilled employment, home ownership, and substantial savings, he seems to present a low credit risk. The loan amount and duration are",unknown
30,male,3,own,,little,14179,39,furniture/equipment," Based on the data provided, here is my credit risk analysis:

This 30 year old highly skilled male has an own housing situation. His checking account is categorized as little. He is requesting a credit amount of 14,179 for a duration of 39 months to purchase furniture/equipment. 

Given his highly skilled job status and the moderate credit amount and duration requested for a reasonable purpose, he seems like a decent credit risk. The only slight concern is his little checking account activity, but given",good risk
28,male,1,own,little,little,1797,13,business," Based on the data provided, here is my credit risk analysis:

This 28 year old male has an unskilled but resident job, lives in his own housing, has little savings and checking accounts, and is requesting a 1797 credit amount for a 13 month business loan. His limited savings and checking accounts indicate he has few financial assets for collateral or to draw from in case of hardship. However, being a resident with his own housing provides some financial stability. The requested loan amount and duration",unknown
23,female,2,rent,little,little,2511,15,car," Based on the data provided, here is my credit risk analysis:

This 23 year old female has a skilled job and lives in a rented housing. She has little money in her saving and checking accounts. She has applied for a $2,511 car loan for 15 months. 

Given that she is young and has a stable skilled job, she likely has a reasonable income to afford the loan payments. The loan amount and duration are also not too high relative to her income. ",good risk
37,female,1,own,little,little,1274,12,car," Based on the data provided, here is my credit risk analysis:

The applicant is a 37 year old female with an unskilled but resident job. She owns her housing. Her saving and checking accounts both have little funds. She is requesting a $1,274 auto loan for 12 months. 

Given her stable residency and housing ownership, there is a moderate likelihood that she will repay this relatively small, short-term loan that is intended for an asset (a car) that",unknown
26,male,2,own,,,5248,21,car," Based on the limited data provided, here is my credit risk analysis:

This 26 year old male has a skilled job, owns his housing, and is seeking a 5,248 credit amount over a 21 month duration to purchase a car. His profile presents low to moderate credit risk. As a skilled worker who owns his residence, he likely has a steady income stream and assets to leverage. The loan amount and duration seem reasonable for the purchase of a car. 

Some additional details that woul",good risk
33,male,2,own,little,,3029,15,car," Based on the data provided, this 33 year old male has a skilled job and owns his housing. He has little savings and requested a 3029 credit amount loan for 15 months to purchase a car. 

His profile indicates a moderately risky credit standpoint. The positive factors are his skilled employment, home ownership, and moderate loan amount and duration. The cautionary factor is his low savings buffer. 

Without further data, I cannot make definitive statements on his precise credit risk. Additional financial information coul",unknown
49,female,2,own,little,little,428,6,furniture/equipment," Based on the data provided, this is a 49 year old female with a skilled job who owns her own housing. She has little savings in both her saving and checking accounts. She is requesting a 428 credit amount to be paid back over 6 months for the purpose of purchasing furniture or equipment.

As she has a steady skilled job and owns her housing, she seems to have a reasonable financial foundation, though limited savings. The relatively small loan amount for necessary household items over a short 6 month duration",good risk
23,female,1,own,little,little,976,18,car," Based on the data provided, here is my credit risk analysis:

This is a 23 year old female with an unskilled but resident job. She owns her housing. Her saving and checking accounts are both categorized as little. She is requesting a 976 credit amount for a 18 month car loan.

Given her relatively young age and steady resident job, she may have the ability to repay this loan. However, her limited savings and income level suggest there is some risk, especially for",unknown
23,female,1,rent,moderate,moderate,841,12,business," Based on the data provided, here is my credit risk analysis:

This is a 23 year old female with an unskilled but resident job. She is currently renting her housing. Her saving and checking accounts are both characterized as moderate. She has applied for a 841 credit amount to be paid back over 12 months for business purposes. 

Given her young age, steady job, moderate savings, and reasonable loan purpose and amount compared to her duration, I would assess her as a",unknown
25,female,2,own,little,,5771,30,radio/TV," Based on the data provided, here is my credit risk analysis:

This is a 25 year old female with a skilled job and owns her housing. She has little savings and has taken out a 5771 credit amount over a 30 month duration to purchase a radio/TV. 

Given her relatively young age, skilled employment status and ownership of her housing, she seems to demonstrate some financial stability. The 30 month duration is not terribly long for this amount of credit. Her purpose seems reasonable.",unknown
55,male,2,free,rich,,1555,12,repairs," Based on the data provided, here is my credit risk analysis:

This 55 year old male has a skilled job and lives in free housing, indicating a moderately stable financial situation. With a rich saving account, he likely has a good amount of savings to help ensure repayment capacity. He has applied for a 15555 credit amount to be repaid over 12 months, likely for home repairs. Given his skills, housing, and savings, he seems to have the financial capacity to repay this medium-",bad risk
32,female,2,rent,,little,1285,24,car," Based on the data provided, here is my credit risk analysis:

This 32 year old female has a skilled job and lives in a rented housing. She has a little checking account and is requesting a 1285 credit amount to be paid back over 24 months for the purpose of a car purchase. 

Given that she is employed in a skilled position, she likely has a steady income stream to repay the loan. The loan amount and duration seem reasonable given her profile. The fact that she has",unknown
74,male,0,own,little,rich,1299,6,car," Based on the data provided, here is my credit risk analysis:

This 74 year old male has an unskilled and non-resident job. He owns his housing. His saving accounts are categorized as little, while his checking account is rich. He has requested a credit amount of 1299 over a duration of 6 months to purchase a car. 

Given his age, unskilled job status, and little savings account balance, he may pose a moderate credit risk despite having a rich",unknown
39,male,2,free,,rich,1271,15,radio/TV," Based on the data provided, here is my credit risk analysis:

This is a 39 year old male with a skilled job and living in free housing. He has a rich checking account and took out a 1271 credit for 15 months to purchase a radio/TV. His age, job status, free housing and rich checking account suggest he is in a stable financial position. The credit amount and duration are moderate. The purpose is for a consumer good rather than an urgent expense. Overall I woul",unknown
31,male,2,own,little,,1393,24,car," Based on the data provided, here is my credit risk analysis:

This 31 year old male has a skilled job and owns his housing. He has little savings, which indicates limited financial cushions. He is seeking a 1,393 credit amount to purchase a car, to be paid back over 24 months. 

Given his skilled job, housing ownership, and the relatively small loan amount compared to the duration, I would assess him as low to moderate credit risk. The lack of substantial savings",good risk
35,male,2,own,little,little,691,12,car," Based on the data provided, here is my credit risk analysis:

This 35 year old male has a skilled job and owns his housing. He has little savings in both his saving and checking accounts. He is requesting a 691 credit amount for a 12 month car loan. 

Given his stable skilled employment, home ownership, and moderate loan request for an essential purpose like a car, he seems to present low-to-moderate credit risk. The relatively short 12 month duration is also favorable",good risk
59,female,2,own,,,5045,15,car," Based on the limited data provided, here is my credit risk analysis:

This is a 59 year old female with a skilled job. She owns her housing. She has requested a 5045 credit amount over a 15 month duration to purchase a car.

From the data available, key factors related to low credit risk are:
- Skilled job is associated with higher and more stable income.
- Home ownership indicates financial stability and assets that can be used as collateral. 
-",unknown
24,female,2,rent,little,little,2124,18,furniture/equipment," Based on the data provided, here is my credit risk analysis:

This is a 24 year old female with a skilled job. She is renting her housing. She has little money in her saving and checking accounts. She is requesting a $2,124 credit for a duration of 18 months to purchase furniture/equipment.

Given her skilled job, she likely has a steady income to repay this medium sized loan. The 18 month duration is reasonable for consumer goods. Her limited savings is",unknown
24,male,1,own,little,little,2214,12,radio/TV," This 24 year old male has an unskilled but resident job, lives in his own housing, has little savings and checking accounts, and is seeking a 2214 credit amount over 12 months to purchase a radio or TV. His limited savings and unskilled job may indicate some credit risk, but the relatively small loan amount and short duration suggest the risk could be manageable if he has steady income. More data could clarify his income and past payment history to further assess creditworthiness. Key factors",unknown
30,male,3,free,,,12680,21,car," Based on the limited data provided, here is my credit risk analysis:

This 30 year old male has a highly skilled job, lives in free housing, and is seeking a $12,680 auto loan for 21 months. His highly skilled job indicates he likely has a stable income to repay the loan. The free housing also reduces living expenses, freeing up more income for loan repayment. The loan amount and duration seem reasonable for an auto loan. 

Unfortunately there is no data provided on",unknown
27,male,2,own,moderate,,2463,24,car," Based on the data provided, here is my credit risk analysis:

This 27 year old male has a skilled job and owns his housing. He has a moderate level of savings, which demonstrates some financial responsibility. He is requesting a 24 month, $2,463 auto loan, likely to purchase a vehicle. His income from his skilled job should be sufficient to manage this level of debt. The loan duration is relatively short term and the amount is reasonable given his employment status. Overall I would rate",unknown
40,male,1,own,little,moderate,1155,12,radio/TV," Based on the data provided, this is a 40 year old male with an unskilled but resident job, who owns his own housing. He has a small savings account and a moderate checking account. He has taken out a 1,155 credit amount loan for 12 months to purchase a radio or TV.

As an unskilled but resident worker, his income is likely relatively low or insecure. However, the fact that he owns his housing and has both savings and checking accounts indicates he has",unknown
31,male,1,own,little,little,3108,30,furniture/equipment," Based on the data provided, here is my credit risk analysis:

This 31 year old male has an unskilled but resident job. He owns his housing. His saving and checking accounts both have relatively little funds. He is requesting a 3,108 credit amount to be paid back over 30 months for the purpose of purchasing furniture or equipment. 

Given his stable residency and home ownership, he seems to have a reasonable financial foundation to manage this moderate credit amount and duration. The purpose",unknown
31,female,2,rent,,,2901,10,car," Based on the limited data provided, here is my credit risk analysis:

This 31 year old female has a skilled job, rents housing, and is seeking a 2901 credit amount over 10 months to purchase a car. Her credit risk profile is moderately low given her skilled employment status and moderate credit amount requested for a reasonable duration. Additional insights into her financial position would help further assess creditworthiness, such as any savings or checking accounts she may hold. With appropriate income verification and history, she",bad risk
28,male,2,rent,little,moderate,3617,12,furniture/equipment," Based on the data provided, this 28 year old male has a skilled job and is renting his housing. He has little savings but a moderate checking account. He has requested a 3617 credit amount to be paid back over 12 months for the purpose of purchasing furniture or equipment. 

His skilled job status and moderate checking account are positive signs regarding his credit worthiness. The relatively small loan amount over a short 12 month term for furniture purchase also seems reasonable. However, having little savings on han",good risk
63,male,1,own,little,,1655,12,radio/TV," Based on the data provided, here is my credit risk analysis:

This is a 63 year old male with an unskilled but resident job. He owns his housing. His saving accounts are categorized as little. He has requested a credit amount of 1655 over a duration of 12 months to purchase a radio/TV. 

Given his age, stable but low-income job situation, low savings and moderate credit amount requested, I would categorize him as a medium credit risk. The",unknown
26,female,2,rent,,little,2812,24,car," Based on the limited data provided, here is my credit risk analysis:

This 26 year old female has a skilled job and lives in a rented property. She has a little checking account and has applied for a 2812 credit amount over a 24 month duration to purchase a car. 

Given that she is relatively young with a stable skilled job, this could indicate reasonably good creditworthiness to take on this 2 year car loan. The loan amount is also not too high relative to typical car",unknown
25,female,3,own,little,little,8065,36,education," Based on the data provided, here is my credit risk analysis:

This is a 25 year old female with a highly skilled job. She owns her housing. Her saving and checking accounts both have little funds. She has requested an £8,065 credit amount to be paid back over 36 months for the purpose of education.

Given the stable and skilled job, plus her young age, I would judge this to be a relatively low risk client for the requested loan. The loan amount an",unknown
36,male,3,own,little,,3275,21,car," Based on the data provided, this 36 year old highly skilled male has an own housing situation and a little savings account. He is requesting a $3,275 car loan for 21 months. Given his skilled job status and the moderate size and duration of the loan compared to his housing situation, he seems like a reasonably good credit risk. More data could provide further insights, but there are no immediate red flags based on current information.",good risk
52,male,2,own,moderate,,2223,24,radio/TV," Based on the data provided, here is my credit risk analysis:

This is a 52 year old male with a skilled job who owns his housing. He has a moderate saving account and has requested a credit amount of 2223 over a 24 month duration to purchase a radio/TV. 

Given his skilled employment status and the fact that he owns his residence, he likely has a reasonable income stream and assets to provide some security for the loan. The moderate savings account also indicates some financial discipline",good risk
66,male,0,free,quite rich,rich,1480,12,car," Based on the data provided, here is my credit risk analysis:

This 66 year old male has an unskilled and non-resident job. He lives in free housing and has quite rich saving accounts and rich checking accounts. He has applied for a $1,480 auto loan with a 12 month duration. 

His age, stable housing situation, substantial savings and checking accounts indicate he likely has the financial stability to manage this loan repayment. The loan amount and duration seem reasonable given his",good risk
25,female,2,rent,,little,1371,24,car," Based on the data provided, here is my credit risk analysis:

This 25 year old female has a skilled job and is currently renting her housing. She has a little checking account and has applied for a 1371 credit amount over a 24 month duration to purchase a car. 

Some insights into the credit risk:
- Her young age may indicate less financial stability and credit history compared to older borrowers. However, her skilled job status is reasonably good.
- Renting rather",unknown
37,male,2,own,little,,3535,36,car," Based on the data provided, here is my credit risk analysis:

This 37 year old male has a skilled job and owns his housing. He has little savings, which indicates limited financial buffers. He is requesting a 3,535 credit line for a 36 month car loan. His income level supports this moderate loan amount and duration. The purpose being a car, an asset that tends to hold resale value, also presents low risk. 

Overall I would rate this applicant as a moderate credit",unknown
25,female,2,own,little,little,3509,18,radio/TV," Based on the data provided, here is my credit risk analysis:

This is a 25 year old female with a skilled job and an own housing situation. She has little money in both her saving and checking accounts. She is requesting a $3,509 credit amount for radio/TV purposes for a 18 month term.

The loan purpose does not raise any major credit risk concerns. The age and skilled job status are positive factors. An longer loan term of 18 months for a consumer purpose",unknown
38,male,3,own,rich,,5711,36,car," Based on the provided data, this 38 year old highly skilled male owns his housing. He has rich saving accounts and took out a 36 month, $5,711 auto loan. His credit profile indicates he likely has the financial capacity and stability to manage this additional debt load. With steady employment income, home ownership, and substantial savings, he presents low overall credit risk.",good risk
67,female,2,own,little,moderate,3872,18,repairs," Based on the data provided, here is my credit risk analysis:

This 67 year old female customer works a skilled job and owns her residence. She has little savings but a moderate checking account balance. She is requesting a $3,872 loan for home repairs, to be paid back over 18 months. 

Given her skilled occupation and ownership of her residence, she seems to have a reasonable financial foundation. The loan amount and duration are also moderate. Her limited savings is a minor area",good risk
25,male,2,own,little,moderate,4933,39,radio/TV," Based on the data provided, here is my credit risk analysis:

This 25 year old male has a skilled job and owns his housing. He has little savings but a moderate checking account. He is requesting a 4933 credit amount to be paid back over 39 months for the purpose of a radio/TV purchase. 

Given his relatively young age, steady skilled employment, home ownership, some savings, and moderate checking account, he seems to demonstrate reasonable financial responsibility. The requested loan amount an",unknown
60,male,2,own,rich,,1940,24,car," Based on the data provided, here is my credit risk analysis:

This is a 60 year old male with a skilled job who owns his housing. He has a rich saving account and is requesting a $1,940 car loan for 24 months. The purpose of the loan being for a car purchase is reasonably safe. His age, job skills, home ownership and substantial savings indicate he has financial stability. The loan amount and duration are also relatively low risk compared to the assets shown. ",good risk
31,male,1,own,little,moderate,1410,12,education," Based on the data provided, here is my credit risk analysis:

This 31 year old male has an unskilled but resident job. He owns his housing. His savings account balance is relatively low, while his checking account balance is moderate. He has requested a $1,410 loan for an education purpose, to be paid back over 12 months.

The positives suggesting a lower credit risk: He is employed as an unskilled resident worker, and owns his housing. His checking",unknown
23,female,1,own,moderate,moderate,836,12,car," Based on the data provided, here is my credit risk analysis:

This is a 23 year old female with an unskilled but resident job. She owns her housing. Her saving and checking accounts are both moderate. She has applied for an 836 credit amount over 12 months duration to purchase a car.

Overall, I would evaluate her as a low to moderate credit risk for the following reasons:

Positives:
- Owns her housing which indicates some financial stability",unknown
60,male,3,own,,moderate,6468,20,car," Based on the data provided, here is my credit risk analysis:

This 60 year old male has a highly skilled job, owns his housing, has a moderate checking account, and is seeking a 20 month, $6,468 loan to purchase a car. His credit risk level appears low given his stable employment situation, ownership of assets like a home, and responsible management of a checking account. The loan amount and duration seem reasonable for his profile and stated purpose. As long as his income reliably",unknown
35,male,1,own,rich,moderate,1941,18,business," Based on the data provided, here is my credit risk analysis:

This 35 year old male has an unskilled but resident job. He owns his housing and has rich saving accounts and moderate checking accounts. He has requested a 1941 credit amount for a 18 month business loan. 

Given his stable residency status and steady job, combined with his decent savings buffers, I would assess him as a relatively low credit risk if the loan is to support genuine business activities. The loan size an",good risk
40,male,2,own,quite rich,,2675,22,radio/TV," Based on the provided data, this 40 year old male has a skilled job and owns his housing. He has quite rich saving accounts and took out a credit amount of 2675 over a duration of 22 months to purchase a radio/TV. As he is skilled and a homeowner with substantial savings, he seems to present low credit risk. The credit amount and duration are also not excessive given his profile. Unless other risk factors appear in additional data, I would recommend approving his loan application.",good risk
38,male,2,own,,,2751,48,car," Based on the limited data provided, here is my credit risk analysis:

This 38 year old male customer works a skilled job, owns his housing, and is seeking a 48 month car loan of $2,751. With his stable skilled employment and owned residence, he seems to present reasonable creditworthiness. However, without further insight into his savings and checking account balances, I cannot fully assess his ability to repay the loan or his overall risk level. Additional financial information would allow a more thorough",unknown
50,male,2,free,little,moderate,6224,48,education," Based on the data provided, here is my credit risk analysis:

The applicant is a 50 year old male with a skilled job. He lives in free housing, indicating he may not pay rent. He has little money in his savings accounts but a moderate amount in his checking account. He is requesting a 6,224 credit amount to be paid back over 48 month duration, to be used for an educational purpose.

Overall the applicant seems to demonstrate a reasonable credit risk. His skilled job",unknown
27,male,2,own,little,little,5998,40,education," Based on the data provided, here is my credit risk analysis:

This 27 year old male has a skilled job and owns his housing. He has little money in his saving and checking accounts. He is requesting a $5,998 loan for an education purpose, to be paid back over 40 months. 

Given his stable skilled job, home ownership, and moderate loan request for an education purpose, he seems to present a low-to-moderate credit risk. The loan duration is on",good risk
39,female,2,own,little,moderate,1188,21,business," Based on the data provided, here is my credit risk analysis:

This is a 39 year old female with a skilled job who owns her own housing. She has a small saving account and a moderately sized checking account. She is requesting a 1,188 credit amount to be paid back over 21 months for business purposes.

Given her skilled job and home ownership status, she likely has a moderate income and assets, indicating an ability to repay loans. The small saving account is less positive,",unknown
41,male,3,own,,,6313,24,car," Based on the limited data provided, here is my credit risk analysis:

This 41 year old male has a highly skilled job, owns his housing, and is seeking a 24 month car loan of $6,313. His highly skilled job and owned housing suggest he likely has a steady income stream and assets, indicating he may have a good credit profile. However, without further data on his saving/checking accounts, income levels, existing debts, and credit history, I cannot reliably determine his credit",unknown
27,male,2,own,,,1221,6,furniture/equipment," Based on the limited data provided, here is my credit risk analysis:

This 27 year old male has a skilled job, owns his housing, and is seeking a 1,221 credit amount over 6 month duration to purchase furniture/equipment. His credit risk seems low given his steady skilled employment, ownership of his residence, and modest loan amount and duration to fund a reasonable purchase. However, without further insight into his savings and checking accounts, I cannot fully ascertain his financial reliability or liquid reserves availability",unknown
51,male,2,free,little,rich,2892,24,furniture/equipment," Based on the data provided, here is my credit risk analysis:

This 51 year old male customer works a skilled job and lives in free housing. He has little savings but a rich checking account. He is requesting a 2,892 credit amount to be paid back over 24 months for the purpose of purchasing furniture or equipment. 

His skilled employment status and rich checking account are positive signs regarding his ability to repay this relatively small, short term loan. The purpose seems reasonable as well. The",unknown
32,male,2,rent,quite rich,,3062,24,furniture/equipment," Based on the data provided, here is my credit risk analysis:

This 32 year old male has a skilled job and is currently renting his housing. He has quite rich saving accounts. He is requesting a credit amount of 3062 for a duration of 24 months to purchase furniture/equipment. 

Given that he is employed in a skilled position and has substantial savings, he seems to demonstrate financial stability. The requested loan amount and duration also appear reasonable compared to his income and savings. I",good risk
22,female,2,rent,moderate,,2301,9,furniture/equipment," Based on the data provided, here is my credit risk analysis:

This 22 year old female has a skilled job and lives in a rented housing. She has a moderate amount of savings. She is requesting a credit amount of 2301 over a 9 month duration to purchase furniture or equipment.

Given her skilled employment, moderate savings, reasonable loan amount, and short repayment duration, I would rate her as a low to moderate credit risk. The fact that she has established some savings indicates financial responsibility",good risk
51,male,2,free,,little,7511,18,car," Based on the provided data, here is my credit risk analysis:

This 51 year old male has a skilled job and lives in free housing. He has a little checking account and has requested a 7511 credit amount over an 18 month duration to purchase a car. 

Given that he is employed in a skilled job, he likely has a steady income to make the monthly payments on this loan. The loan amount and duration seem reasonable given the purpose of purchasing a car. The free housing also",unknown
22,female,1,rent,little,,1258,12,furniture/equipment," Here is my analysis for the provided person data:

This 22 year old female is a resident but unskilled worker. She is renting her place of living. Having little savings indicates limited financial means. She has taken out a 1258 credit for 12 months to purchase furniture or equipment. Her relatively young age, unstable income due to unskilled work, low savings, and necessity-driven loan purpose may present moderate credit risk. However, her being a long term resident and the small",unknown
54,male,2,own,,,717,24,car," Based on the data provided, here is my credit risk analysis:

This 54 year old male customer works a skilled job and owns his housing. He is requesting a 717 credit amount to purchase a car, with a 24 month duration. 

Given that he is middle aged, male, skilled, and a homeowner - he likely has a reasonable income and assets that could support this loan. The loan amount and duration seem in line with a car purchase. I see no immediate red flags",good risk
35,male,0,own,,moderate,1549,9,car," Based on the data provided, here is my credit risk analysis:

This 35 year old male has an unskilled and non-resident job. He owns his housing. His checking account is moderate. He has requested a credit amount of 1549 over a duration of 9 months to purchase a car. 

Given his job status as unskilled and non-resident, it indicates a lower and potentially unstable income level which could make it more difficult to repay the loan. However, the",unknown
54,male,2,free,little,,1597,24,education," Based on the provided data, here is my credit risk analysis:

This 54 year old male has a skilled job and lives in free housing. He has little savings. He is requesting a credit amount of 1597 over a 24 month duration to pay for education. 

Given that he is middle aged with a stable skilled job, the credit amount and duration seem reasonable for financing education purposes. The low savings is somewhat concerning but may be mitigated by his housing situation. 

Overall I",unknown
48,female,1,rent,little,moderate,1795,18,radio/TV," Based on the data provided, here is my credit risk analysis:

This 48 year old female has an unskilled but resident job. She is currently renting her housing. Her saving accounts are categorized as little and her checking account is moderate. She has requested a credit amount of 1795 over a duration of 18 months to purchase a radio/TV. 

Given that she has an income source from her resident job, moderate assets in her checking account, and a relatively small loan amount",good risk
24,female,2,own,little,little,4272,20,furniture/equipment," Based on the data provided, here is my credit risk analysis:

The applicant is a 24 year old female with a skilled job. She owns her housing. She has little money in both her saving and checking accounts. She is requesting a 4,272 credit amount to be paid back over 20 months for the purpose of buying furniture or equipment.

Given her young age, steady skilled employment, and ownership of her housing, she seems to have a reasonable financial foundation, albeit with limited savings",unknown
35,male,2,own,,,976,12,radio/TV," Based on the limited data provided, here is my credit risk analysis:

This 35 year old male has a skilled job, owns his housing, and is seeking a 976 credit amount over 12 months to purchase a radio/TV. His credit risk appears low given his steady skilled employment, ownership of his residence, and modest loan amount and duration to fund a reasonable purchase. However, without additional details on his savings and checking accounts, I cannot fully assess his financial capacity to repay the loan.",unknown
24,female,0,rent,,moderate,7472,12,car," Based on the data provided, here is my credit risk analysis:

The applicant is a 24 year old female with an unskilled and non-resident job. She is currently renting her housing. She has a moderate checking account. She has applied for a car loan of $7,472 over a 12 month duration.

As an unskilled and non-resident worker, her income potential is lower. Additionally, being only 24 years old suggests she is early in her career",unknown
24,male,2,own,little,little,9271,36,car," According to the data provided, this 24 year old male has a skilled job and owns his housing. He has both little savings and a little amount in his checking account. He is seeking a 9,271 amount loan for a 36 month duration, to be used for purchasing a car. 

Given his relatively young age, skilled employment status, and demonstrated financial responsibility through home ownership, he seems to exhibit reasonable creditworthiness. The moderate size and duration of the requested auto loan appear in line with",unknown
26,male,1,own,little,moderate,590,6,radio/TV," Based on the data provided, here is my credit risk analysis:

This 26 year old male has an unskilled but resident job. He owns his housing. His limited savings account and moderate checking account indicate he likely has limited financial resources. The 590 credit amount and 6 month duration suggest a small consumer loan, likely for the stated purpose of a radio or TV purchase. 

While his job and housing situation seem stable, his limited savings indicates he may have little financial cushion. This",unknown
65,male,2,own,,,930,12,radio/TV," Based on the limited data provided, here is my credit risk analysis:

This 65 year old male customer is skilled, owns his housing, and is seeking a 930 credit amount over 12 months to purchase a radio/TV. His credit risk level appears moderate given his skilled job status and home ownership. However, without further details on his saving and checking account balances, I cannot fully assess his creditworthiness. Additional financial information would allow a more thorough evaluation of his ability to repay the 12 month",unknown
55,male,3,free,little,moderate,9283,42,car," Based on the data provided, here is my credit risk analysis:

This 55 year old male has a highly skilled job and lives in free housing, indicating a relatively high socioeconomic status. With a moderate checking account and little savings, his current financial situation seems reasonable but not abundant. He is requesting a 9283 credit amount to purchase a car, to be paid back over 42 months. Given his skills and income level, this appears to be a reasonable loan amount and duration to finance an automobile",unknown
26,female,0,rent,little,moderate,1778,15,car," Based on the data provided, here is my credit risk analysis:

The applicant is a 26 year old female with an unskilled and non-resident job. She is currently renting her housing. Her saving accounts are categorized as little, while her checking account is moderate. She has applied for a 1,778 credit amount to be paid back over 15 months for the purpose of purchasing a car.

Given her relatively young age, current unstable job situation of being unskilled an",unknown
26,male,2,own,little,moderate,907,8,business," Based on the data provided, here is my credit risk analysis:

This 26 year old male has a skilled job, owns his housing, has little savings but a moderate checking account, and is requesting a 907 credit amount for a business purpose over an 8 month duration. His profile presents low to moderate credit risk overall. He is young, employed in a skilled position, and owns his residence which demonstrates stability. The moderate checking account balances out his lower savings amount. The requested loan details fall",unknown
28,male,1,own,little,moderate,484,6,radio/TV," Based on the data provided, here is my credit risk analysis:

This 28 year old male has an unskilled but resident job. He owns his housing. His savings account balance is relatively low. His checking account activity is moderate. He is requesting a 484 credit amount to be paid back over 6 months for the purpose of a radio or TV purchase.

Given his stable residency and employment, moderate checking account usage, and small loan request for a reasonable duration, I woul",unknown
24,male,2,own,little,little,9629,36,car," Based on the data provided, here is my credit risk analysis:

This 24 year old male has a skilled job and owns his housing. He has little savings in both his saving and checking accounts. He is requesting a $9,629 car loan with a 36 month duration.

Given his young age, stable skilled employment, and home ownership, he seems to demonstrate responsible financial behavior that may indicate he would repay this average sized 3 year car loan. The loan amount and duration seem reasonable",good risk
54,male,2,own,little,little,3051,48,domestic appliances," Based on the data provided, here is my credit risk analysis:

This 54 year old male has a skilled job, owns his housing, has little savings and checking account balances, and is seeking a 4-year loan of 3051 for purchasing domestic appliances. His profile indicates a moderate credit risk overall:

Positives:
- Owns housing rather than rents, indicating some asset ownership
- Skilled job likely provides steady income

Negatives: 
- Little savings an",unknown
46,male,2,free,little,little,3931,48,car," Based on the data provided, here is my credit risk analysis:

This 46 year old male has a skilled job and lives in free housing. He has little savings and a little amount in his checking account. He is requesting a $3,931 car loan for 48 months. 

Given his skilled job, the loan amount and duration seem reasonable for the purchase of a car. The little savings and checking account balances suggest he lives month-to-month on his income. However, since",unknown
54,female,2,rent,little,moderate,7432,36,car," Based on the data provided, here is my credit risk analysis:

The applicant is a 54 year old female with a skilled job. She is currently renting her housing. She has little savings and a moderate checking account. She has applied for a 36 month $7,432 auto loan.

Given that she is middle aged, employed in a skilled position, and has some financial reserves, she presents a reasonable credit risk at the loan amount and duration requested, especially considering the purpose is",unknown
62,male,2,own,quite rich,,1338,6,domestic appliances," Based on the data provided, here is my credit risk analysis:

This 62 year old male customer has a skilled job, owns his housing, and has quite rich saving accounts. He is requesting a credit amount of 1338 for a 6 month duration in order to purchase domestic appliances. 

Given his skilled job and home ownership, he likely has a steady income stream to pay off the relatively small loan amount within the 6 month timeframe. The quite rich saving accounts also provide additional financial flexibility an",good risk
24,female,2,rent,little,,1554,6,radio/TV," Based on the data provided, here is my credit risk analysis:

This is a 24 year old female with a skilled job who is renting her housing. She has little savings and has taken out a 1554 credit amount loan with a 6 month duration to purchase a radio/TV. 

Given her young age, steady skilled employment, relatively small loan amount compared to duration, and stated purpose of the loan, I would assess her as low to moderate credit risk. The lack of substantial",unknown
43,male,3,own,little,little,15857,36,vacation/others," Based on the data provided, this 43 year old highly skilled male owns his own housing and has taken out a 15,857 credit amount for a 36 month vacation loan. His saving and checking accounts are categorized as little. Given his stable housing situation and highly skilled job status, I would assess him to be a reasonably good credit risk despite his limited existing accounts. The duration and purpose of the loan are within normal ranges. With good income from a highly skilled job, he should have the capacity to repay",good risk
26,male,2,own,little,little,1345,18,radio/TV," Based on the data provided, this 26 year old male has a skilled job and owns his housing. He has both little savings and a little amount in his checking account. He is seeking a credit amount of 1345 over a 18 month duration in order to purchase a radio or TV. 

His age, job status as skilled, housing ownership status, and moderate credit amount requested given his existing limited savings suggest a reasonable credit risk. The purpose being a consumer durable good rather than an unnecessary luxury item",good risk
27,male,2,own,little,,1101,12,car," Based on the data provided, here is my credit risk analysis:

This 27 year old male has a skilled job and owns his housing. He has little savings, which indicates limited financial buffers. He is requesting a $1,101 car loan for 12 months. His limited savings paired with a sizable loan for a depreciating asset indicates he may struggle to repay the debt. 

I would recommend requesting additional financial information, including:
- Income verification to confirm affordability 
-",unknown
24,male,2,own,little,rich,3016,12,radio/TV," Based on the data provided, this is a 24 year old male with a skilled job who owns his housing. He has a small amount in his savings account but a substantial amount in his checking account. He is requesting a 3,016 credit amount to be paid back over 12 months for the purpose of a radio or TV purchase.

Given his stable skilled employment status and ownership of his housing, he seems to demonstrate financial responsibility. The relatively small loan amount over a medium repayment duration for an entertainment",unknown
41,male,2,own,little,little,2712,36,furniture/equipment," Based on the data provided, here is my credit risk analysis:

This 41 year old male has a skilled job, owns his housing, has little savings and checking account balances, and is requesting a 36 month $2,712 loan to purchase furniture or equipment. His profile presents a moderate credit risk overall. While his stable skilled employment and home ownership are positives, the small savings and checking accounts indicate limited financial reserves, so his ability to withstand income disruptions may be limited. The loan amount",unknown
47,male,1,own,little,little,731,8,car," Based on the data provided, here is my credit risk analysis:

This 47 year old male has an unskilled but resident job. He owns his house and has little savings in both his saving and checking accounts. He is requesting a 731 credit amount for an 8 month car loan. His limited savings accounts and unskilled job indicate he likely has a lower income. While home ownership suggests some financial stability, the short loan duration and purpose for a car carry more risk than other types",bad risk
35,male,3,own,little,,3780,18,furniture/equipment," Based on the provided personal data, this is an application from a 35 year old male with a highly skilled job who owns his housing. He has little savings and is requesting a 3780 credit amount for a 18 month duration to purchase furniture/equipment. 

As he is highly skilled and a homeowner, he likely has a moderate amount of financial stability. The 18 month loan duration and purpose of purchasing furniture/equipment seem reasonable given the 3780 credit amount requested. The main area of concern woul",good risk
30,male,2,own,little,little,1602,21,car," Based on the data provided, here is my credit risk analysis:

This 30 year old male has a skilled job and owns his housing. He has little savings in both his saving and checking accounts. He is requesting a 1602 credit amount to purchase a car, to be paid back over 21 months. 

Given his stable skilled employment status and home ownership, he seems to demonstrate responsible financial behavior that may indicate he would be likely to repay this average sized auto loan. The loan duration is",unknown
33,female,2,rent,little,little,3966,18,car," Based on the data provided, here is my credit risk analysis:

This 33 year old female has a skilled job and is currently renting her housing. She has little money in her saving and checking accounts. She has applied for a $3,966 car loan with an 18 month duration.

Given that she is skilled and employed, she likely has a steady income to make the loan payments. The loan amount and duration seem reasonable given her limited savings. Renting instead of owning coul",unknown
36,male,2,own,little,,4165,18,business," Based on the data provided, here is my credit risk analysis:

This 36 year old male has a skilled job and owns his housing. He has little savings, which indicates limited financial reserves to withstand income disruptions. However, he is seeking a moderate credit amount of $4,165 for a business purpose, to be repaid over 18 months. 

The loan duration is relatively short term and the credit amount is reasonable given his skilled employment. The purpose being business related suggests any funds",unknown
47,male,2,free,,little,8335,36,car," Based on the data provided, here is my credit risk analysis:

This 47 year old male has a skilled job and lives in free housing, indicating a moderately stable financial situation. His checking account is categorized as ""little"", meaning he likely does not have significant funds in his current account. He has applied for an auto loan of $8,335 over 36 months. Given his skilled employment, the loan amount and duration seem reasonable for the purchase of a used car. 

While his limite",unknown
38,male,2,free,,moderate,6681,48,business," Here is my credit risk analysis for this person:

This male client is 38 years old with a skilled job. He has a free housing type and a moderate checking account. He has applied for a business loan of 6681 for a duration of 48 months.

As the client is employed in a skilled position and has a stable free housing arrangement, this indicates a reasonable ability to repay the loan. The moderate balance in the checking account also shows some financial discipline. The 48 month term is",unknown
44,male,2,own,quite rich,,2375,24,business," Based on the data provided, this 44 year old male has a skilled job and owns his housing. He has quite rich saving accounts and took out a 2375 credit amount over a 24 month duration for a business purpose. 

As he is skilled and a homeowner with substantial savings, he seems financially responsible. The credit amount and duration are also not excessive compared to his profile. I cannot make definitive statements without seeing the full credit model, but purely based on the data given, he looks like",unknown
23,female,2,rent,little,little,1216,18,car," Based on the provided data, this 23 year old female has a skilled job and is renting her housing. She has little money in her saving and checking accounts. She has taken out a 18 month, $1216 car loan. 

Given her young age, skilled job status, and relatively small loan amount and duration, she seems like a reasonable credit risk. The limited savings could indicate that she may struggle with a large unexpected expense. But overall there are no major red flags based on this",good risk
29,male,2,rent,little,little,11816,45,business," Based on the data provided, here is my credit risk analysis:

This 29 year old male has a skilled job and is currently renting his housing. He has little money in his saving and checking accounts. He is requesting a 11816 credit amount for a business purpose, to be paid back over 45 months. 

Given his skilled employment, the business purpose loan and moderate requested amount compared to the duration of 45 months, I would evaluate him to be a reasonable credit risk. The main",unknown
42,female,2,own,,moderate,5084,24,radio/TV," Based on the provided data, here is my credit risk analysis:

This 42 year old female has a skilled job and owns her housing. She has a moderate checking account. She is requesting a 5,084 credit amount to be paid back over 24 months for the purpose of a radio/TV purchase.

Given that she is employed, a homeowner, and has a moderate checking account, she seems to demonstrate financial stability. The requested loan amount and duration seem reasonable relative to her profile",good risk
25,female,1,own,little,rich,2327,15,radio/TV," Based on the data provided, here is my credit risk analysis:

The applicant is a 25 year old female with an unskilled but resident job. She owns her housing. Her saving accounts are categorized as little, while her checking account is rich. She has applied for a credit amount of 2327 over a 15 month duration, with the purpose listed as buying a radio/TV.

Given her relatively young age, stable resident employment status, home ownership, and rich checking account balances",unknown
48,male,2,own,little,little,1082,12,car," Based on the data provided, here is my credit risk analysis:

This 48 year old male has a skilled job and owns his housing. He has little money in his saving and checking accounts. He is requesting a $1,082 car loan for 12 months. Given his stable skilled employment status and home ownership, I would evaluate him to be a relatively low credit risk despite his limited savings. The loan amount and duration seem reasonable given his profile. As long as his income is sufficient to manage",good risk
21,female,2,own,,,886,12,radio/TV," Based on the limited data provided, here is my credit risk analysis:

This is a 21 year old female with a skilled job. She owns her housing. She has requested a credit amount of 886 for a duration of 12 months, with the purpose being to purchase a radio/TV.

Given her relatively young age, skilled job status, and the fact that she owns her housing, she seems to represent a reasonably low credit risk. The credit amount and duration are also relatively low",good risk
23,female,1,rent,little,,601,4,furniture/equipment," Based on the data provided, here is my credit risk analysis:

This 23 year old female has an unskilled but resident job. She rents her housing. Her savings account is categorized as having little funds. She has taken out a 601 credit amount loan for a duration of 4 months in order to purchase furniture or equipment.

Given her young age, steady job and short loan duration, she may represent a low credit risk. However, her limited savings could impact her ability to repay",unknown
63,male,2,own,little,little,2957,24,car," Based on the data provided, here is my credit risk analysis:

This 63 year old male customer is seeking a 24 month car loan of 2957 currency units. As a skilled worker who owns his housing, he presents a reasonable credit risk profile. His limited saving and checking account balances are less favorable indicators. However, given his steady skilled employment income, the modest 2957 loan amount, and 24 month duration, I would recommend approval of this application. The loan details align with his stated purpose",good risk
46,male,2,own,little,,2611,24,radio/TV," Based on the data provided, this 46 year old male has a skilled job and owns his housing. He has little savings and was approved for a 2,611 credit amount over a 24 month duration to purchase a radio/TV. His limited savings could indicate higher risk if he were to face financial hardship that impacted his ability to repay the loan. However, his skilled job status helps offset some of that risk. The relatively small loan amount for a fixed consumer purpose is reasonable given his profile. I woul",good risk
29,male,2,own,little,little,5179,36,furniture/equipment," Based on the data provided, here is my credit risk analysis:

This 29 year old male has a skilled job, owns his housing, has little money in his saving and checking accounts, and is requesting a 5,179 credit amount over a 36 month duration to purchase furniture or equipment. His limited existing assets could indicate a higher risk of default, however his steady skilled employment status helps mitigate this risk somewhat. Additional factors in his favor are that he is looking to finance a reasonable credit amount over",unknown
28,male,1,own,little,,2993,21,car," Based on the data provided, this 28 year old male has an unskilled but resident job, owns his housing, has little savings, and is seeking a 2993 credit amount over 21 months to purchase a car. His limited savings suggests he has limited financial resources to draw from in case of disruption to income needed to repay the loan. However, being employed and a housing owner implies some financial stability. The 21 month duration is relatively short term, reducing some risk. Still, the nearly 3000 credit",bad risk
23,female,2,own,little,,1943,18,repairs," Based on the data provided, here is my credit risk analysis:

This is a 23 year old female with a skilled job and who owns her own housing. She has little savings and is requesting a 1943 credit amount over an 18 month duration to finance repairs. 

Given her young age, steady skilled employment, homeownership and moderate credit amount requested, I would assess her as low-moderate credit risk. The 18 month repayment duration is reasonable. Her limited savings poses some risk if her income",unknown
50,male,2,own,little,,1559,24,business," Based on the data provided, here is my credit risk analysis:

This 50 year old male has a skilled job and owns his housing. He has little savings and took out a 1559 credit for a 24 month business loan. His limited savings indicates he may not have a large safety net to draw from if his business struggles, so there is moderately high risk of default on repaying the loan. The 24 month duration is reasonably short term, which helps mitigate the risk somewhat. Additional data on",unknown
47,male,2,own,little,,3422,18,furniture/equipment," Based on the data provided, this 47 year old male has a skilled job and owns his housing. He has little money in his saving accounts. He was approved for a 3,422 credit amount to be paid back over 18 months for the purpose of purchasing furniture/equipment. 

His skilled job status and housing ownership suggest he has a moderate level of financial stability. The 18 month duration on a medium sized loan for furniture indicates this loan carries some default risk, but his job status helps mitigate that",good risk
35,male,2,own,,moderate,3976,21,furniture/equipment," Based on the data provided, here is my credit risk analysis:

This 35 year old male has a skilled job and owns his housing. He has a moderate checking account. He is requesting a credit amount of 3976 for a duration of 21 months to purchase furniture/equipment. 

Given his skilled job, ownership of housing and moderate checking account, he seems to have a reasonable financial profile. The credit amount requested is also not too high relative to his profile. And the loan duration is",unknown
68,male,2,rent,,,6761,18,car," Based on the limited data provided, here is my credit risk analysis:

This 68 year old male customer works a skilled job, rents his housing, and is seeking a 6761 credit amount for 18 month car loan. His credit risk level seems moderate given his skilled employment status and the relatively low loan amount compared to duration. However, more data on his saving and checking account balances would allow a more thorough assessment. Specifically, if he has little in liquid savings it could indicate higher risk despite the",unknown
28,male,2,own,little,,1249,24,car," Based on the data provided, here is my credit risk analysis:

This 28 year old male has a skilled job and owns his housing. He has little savings, indicating limited financial buffers. He is requesting a 1,249 credit amount to be paid back over 24 months for the purpose of a car purchase. 

Given his skilled employment, ownership of housing, and moderate loan details for a viable purpose, he presents a reasonable credit risk profile. The only minor concern is his limited savings,",good risk
59,male,2,own,little,little,1364,9,radio/TV," Based on the data provided, here is my credit risk analysis:

This 59 year old male customer is skilled, owns his housing, has little savings and checking accounts, and is requesting a 1364 credit amount over 9 month duration to purchase a radio/TV. His skills and home ownership suggest he has a steady income to make regular payments. The small savings and checking balances indicate limited additional finances to cover emergencies that impact ability to repay debt. The relatively small loan amount compared to the",unknown
57,male,1,own,little,little,709,12,radio/TV," Based on the data provided, here is my credit risk analysis:

This 57 year old male has an unskilled but resident job. He owns his house and has little savings in both his saving and checking accounts. He is requesting a 709 credit amount to be paid back over 12 months for the purpose of a radio/TV purchase. 

Given his stable residency and home ownership, he presents low credit risk despite his limited savings accounts and unskilled job. The loan amount",good risk
33,male,2,rent,little,little,2235,20,car," Based on the data provided, here is my credit risk analysis:

This 33 year old male has a skilled job, rents his housing, has little money in his saving and checking accounts, and is seeking a 2235 credit amount over a 20 month duration to purchase a car. His profile suggests a moderate credit risk overall. He has a stable skilled job which is positive, but limited savings and is borrowing a material amount relative to his income for a depreciating asset. I would recommend approving",unknown
43,male,2,own,,,4042,24,car," Based on the limited data provided, here is my credit risk analysis:

This 43 year old male has a skilled job, owns his housing, and is seeking a 4042 credit amount over 24 months to purchase a car. His profile presents low to moderate credit risk. As he has a stable skilled job and housing, he should have the financial capacity to repay this 2 year car loan. 

I cannot provide assessments of his saving or checking accounts as that data was not included. More details",unknown
35,male,2,free,little,,1471,15,radio/TV," Based on the provided data, this 35 year old male has a skilled job and lives in free housing. He has little savings, was approved for a 1471 credit amount, took out a 15 month loan, and the purpose was to purchase a radio/TV. With skilled employment and some savings, he presents a reasonable credit risk if he has stable income to make the loan payments over 15 months. Additional data on past payment history and income sources would help further assess his creditworthiness for this consumer",good risk
32,male,1,free,little,little,1442,18,car," Based on the data provided, here is my credit risk analysis:

This 32 year old male has an unskilled but resident job. He lives in free housing and has little savings in both his saving and checking accounts. He is requesting a $1,442 auto loan for 18 months. 

Given his relatively young age, steady even if unskilled job, and moderate loan amount and duration, he seems a reasonable credit risk. The lack of substantial savings is somewhat concerning and indicates",unknown
45,male,2,own,little,,10875,36,car," Based on the data provided, here is my credit risk analysis:

This 45 year old male has a skilled job and owns his housing. He has little savings, suggesting limited financial cushion, but took out a sizable 36 month $10,875 auto loan. His profile indicates he likely needs a car for work purposes. While the loan amount is substantial relative to his savings, the mid-range duration and stated purpose mitigates the risk somewhat. 

Additional data on his income level an",unknown
33,male,2,own,moderate,,1474,24,car," Based on the data provided, here is my credit risk analysis:

This 33 year old male has a skilled job and owns his housing. He has a moderate amount in his saving accounts. He is seeking a loan of 1474 monetary units over a period of 24 months to purchase a vehicle. 

The age, steady skilled employment status, housing ownership and moderate savings suggest a reasonable financial foundation and ability to repay debts. The loan amount and duration sought seem in line with purchasing an average pr",good risk
40,female,2,own,,,894,10,education," Based on the provided data, here is my credit risk analysis:

This 40 year old female has a skilled job and owns her housing. She is requesting an 894 credit amount for an education purpose, to be paid back over 10 months. With her stable skilled employment and owned residence, she seems to have a reasonable financial foundation to repay this relatively small loan for a productive purpose over a short duration. 

I cannot make inferences about her saving or checking account balances since that data was not",unknown
28,male,2,free,little,,3343,15,furniture/equipment," Based on the data provided, here is my credit risk analysis:

This is a 28 year old male with a skilled job and living in free housing. He has little savings and is requesting a 3343 credit amount over a 15 month duration to purchase furniture or equipment. 

The credit risk for this individual can be considered moderate. On the positive side, he has stable skilled employment. The loan amount and duration are also relatively low. Areas of caution are his young age, little savings buffer",unknown
29,female,2,own,little,little,3959,15,car," Based on the data provided, here is my credit risk analysis:

This 29 year old female has a skilled job and owns her housing. She has little savings in both her saving and checking accounts. She is requesting a 3,959 credit amount to purchase a car, to be paid back over 15 months. 

Given her relatively young age, stable skilled employment, and home ownership, she presents a low to moderate credit risk despite her limited savings. The loan amount and duration are reasonable for",unknown
26,male,2,rent,moderate,,3577,9,car," Based on the data provided, here is my credit risk analysis:

This 26 year old male has a skilled job and is currently renting his housing. He has a moderate level of savings, which demonstrates some financial discipline. He has requested a 3,577 credit amount to purchase a car, to be paid back over 9 months. 

The credit amount requested is relatively low given his income level as a skilled worker. The loan duration is also short at 9 months. His moderate savings provides",unknown
27,male,2,own,rich,,5804,24,car," Based on the data provided, here is my credit risk analysis:

This 27 year old male has a skilled job and owns his housing. He has a rich saving account, indicating good financial discipline. He is requesting a 5804 credit amount to be paid back over 24 months for the purpose of a car. His profile presents low credit risk overall. The credit amount and duration are reasonable given his job status and savings. The purpose is for an asset that retains decent value over time. As an",good risk
28,male,2,own,little,,2169,18,business," Based on the provided data, this 28 year old male has a skilled job and owns his housing. With little savings, he has taken out a 18 month, $2,169 business loan. His limited savings indicates he has limited financial resources to draw from if his business struggles, so there is moderate risk in this loan. Approving the loan depends on further assessment of his business plan viability and capacity to repay the loan based on expected business cash flows. Additional financial history data would also help assess his",unknown
35,female,2,own,little,little,2439,24,radio/TV," Based on the data provided, here is my credit risk analysis:

The applicant is a 35 year old female with a skilled job. She owns her housing. This indicates she likely has a steady income stream and assets, lowering her credit risk. She has little money in her saving and checking accounts. While not ideal, this is understandable given her young age. The loan amount requested is moderate at 2439. The duration is 24 months, which is a reasonable timeline to pay back this amount.",unknown
32,male,1,own,rich,,4526,27,furniture/equipment," Based on the data provided, here is my credit risk analysis:

This 32 year old male has an unskilled but resident job. He owns his housing, has a rich saving account, and has taken out a 4526 credit amount over a 27 month duration to purchase furniture/equipment. 

Several factors indicate a low credit risk:
- Owning housing suggests financial stability. 
- Having a rich saving account indicates healthy finances and financial planning capability.
- The credit amount",unknown
25,male,1,rent,little,,2210,10,furniture/equipment," Based on the data provided, here is my credit risk analysis:

This 25 year old male has an unskilled but resident job. He is renting his housing. With little savings, he is seeking a $2,210 loan for 10 months to purchase furniture or equipment. 

Given his young age, steady job and short loan duration, I would rate him as low risk for defaulting on this loan. The loan amount is relatively small compared to his expected income over the duration",good risk
20,female,2,rent,quite rich,,2221,15,furniture/equipment," Based on the data provided, here is my credit risk analysis:

This is a 20 year old female with a skilled job. She is renting her housing. She has quite rich saving accounts. She is requesting a 2221 credit amount over a 15 month duration to purchase furniture/equipment.

Given her young age, steady skilled employment, and substantial savings, she presents a low credit risk. The loan amount requested is relatively small given her savings, and the duration is short term.",good risk
27,female,2,own,little,little,2389,18,radio/TV," Based on the data provided, here is my credit risk analysis:

The applicant is a 27 year old female with a skilled job. She owns her housing. She has little savings in both her saving and checking accounts. She is requesting a credit amount of 2389 over a 18 month duration, for the purpose of purchasing a radio or TV.

Given her relatively young age, stable skilled employment, and low credit amount request relative to the duration, the applicant seems to present a reasonable credit",good risk
42,male,2,own,little,,3331,12,furniture/equipment," Based on the data provided, this 42 year old male has a skilled job and owns his housing. He has little savings and was approved for a $3,331 loan for a 12 month term to purchase furniture or equipment. His limited savings could indicate he lives paycheck to paycheck, so there is some risk of missed payments if his income is disrupted. However, his skilled job status helps offset some of that risk. The relatively short loan term and moderate loan amount for a documented purpose are also",good risk
37,male,2,own,,,7409,36,business," Based on the limited data provided, here is my credit risk analysis:

This 37 year old male has a skilled job, owns his housing, and is seeking a business loan of 7,409 over 36 months. His skilled job and home ownership suggest he has a steady income stream and assets, indicating he may have a moderate to good credit risk profile. However, without data on his saving and checking account balances, I cannot confirm his overall financial health. 

The 36 month duration is on",bad risk
24,female,2,rent,little,little,652,12,furniture/equipment," Based on the data provided, here is my credit risk analysis:

This is a 24 year old female with a skilled job. She is currently renting her housing. She has little savings in both her saving account and checking account. She is requesting a 652 credit amount to be paid back over 12 months for the purpose of purchasing furniture/equipment.

Given her relatively young age, skilled job status, small loan amount compared to the duration of 12 months, and stated purpose for househol",unknown
40,female,2,own,quite rich,,7678,36,furniture/equipment," Based on the data provided, here is my credit risk analysis:

This is a 40 year old female with a skilled job who owns her own housing. She has quite rich saving accounts. She is requesting a credit amount of 7678 over a 36 month duration to purchase furniture/equipment.

Given her skilled job status and the fact that she owns her housing, she likely has a steady income stream to pay back the loan. Additionally, her substantial savings provides a buffer that lowers the",good risk
46,male,2,own,little,rich,1343,6,car," Based on the data provided, here is my credit risk analysis:

This 46 year old male customer has a skilled job, owns his housing, has little savings but a rich checking account, and is requesting a 1343 credit amount over 6 months to purchase a car. His profile indicates a relatively low credit risk for the following reasons:

- His skilled job provides stable income to repay the loan. 

- Home ownership suggests financial responsibility.

- The rich checking account indicates liqui",unknown
26,male,2,own,moderate,little,1382,24,business," Based on the data provided, here is my credit risk analysis:

This 26 year old male has a skilled job and owns his housing. He has a moderate level of savings and a little amount in his checking account. He is requesting a 1382 credit amount to be paid back over 24 months for business purposes. 

Given his skilled employment, ownership of housing, moderate savings, and reasonable loan details for business purposes, he seems like a reasonably good credit risk. The amount and duration of",unknown
24,female,2,own,,,874,15,domestic appliances," Based on the limited data provided, here is my credit risk analysis:

This is a 24 year old female with a skilled job. She owns her housing. She has requested a credit amount of 874 for a 15 month loan duration, to purchase domestic appliances.

Positive factors:
- Young borrowers often have good income potential as their careers advance over time.
- As a skilled worker, she likely has a steady income stream. 
- Home ownership indicates financial responsibility.",unknown
29,male,1,own,little,little,3590,12,furniture/equipment," Based on the data provided, here is my credit risk analysis:

This 29 year old male has an unskilled but resident job. He owns his housing and has both little savings and a little checking account. He is seeking a 3,590 credit amount for a 12 month duration, to purchase furniture or equipment. 

Given his relatively young age and steady job, he may have potential to improve his income over time. The limited savings and checking accounts pose some risk, as he does",unknown
40,female,2,own,rich,moderate,1322,11,car," Based on the data provided, here is my credit risk analysis:

This 40 year old female has a skilled job and owns her housing. She has a rich saving account and a moderate checking account. She is requesting a 1322 credit amount to purchase a car, to be paid back over 11 months.

Given her stable skilled employment, home ownership, and substantial personal savings, she presents a relatively low credit risk. The loan amount is moderate and duration is short term, which also reduces",good risk
36,male,3,free,little,little,1940,18,radio/TV," Based on the data provided, here is my credit risk analysis:

This 36 year old male has a highly skilled job and lives in free housing, indicating a relatively stable financial situation. With little savings and checking accounts, his current cash reserves are low. He is requesting a $1,940 loan for 18 months to purchase a radio/TV. Given his skills and employment, he should have the capacity to repay this medium-sized loan for a reasonable consumer purpose within the moderate duration, though",unknown
28,male,2,own,little,,3595,36,radio/TV," Based on the data provided, here is my credit risk analysis:

This 28 year old male has a skilled job and owns his housing. He has little savings and requested a 3,595 credit amount to be paid back over 36 months for the purpose of a radio/TV purchase. 

Given his relatively young age, steady skilled employment, home ownership and moderate credit request for a reasonable purpose and term, he seems like a good credit risk. The only minor concern is his low savings,",good risk
27,male,3,free,little,little,1422,9,car," Based on the data provided, here is my credit risk analysis:

This 27 year old male has a highly skilled job and lives in free housing, indicating a good financial situation. He has little savings and a little money in his checking account. He is asking for a moderately sized auto loan of $1,422 for 9 months. His overall credit risk seems low given his high income job, reasonably sized loan request for a common purpose like a car, despite having limited existing savings. The short",good risk
36,male,2,own,,,6742,30,radio/TV," Based on the limited data provided, here is my credit risk analysis:

This 36 year old male has a skilled job and owns his housing. He is requesting a 6,742 credit amount for a 30 month duration to purchase a radio/TV. His skilled job status and home ownership suggest he likely has steady income and assets to secure the loan. Without data on his saving and checking account balances, I cannot fully assess his liquidity to repay the loan. The 30 month duration and radio/",bad risk
38,male,3,own,little,,7814,24,car," Based on the provided data, this 38 year old highly skilled male has an own housing situation and a little savings account. He is seeking a 24 month, 7814 unit car loan. His credit worthiness depends on several factors. The positive factors are his high skilled job, ownership of a house, and need for a reasonable car loan amount and duration. A potential negative is having only a little savings account as a buffer for repaying debt. However, overall he seems to present a moderate credit risk",good risk
48,male,2,free,,,9277,24,car," Based on the limited data provided, here is my credit risk analysis:

This 48 year old male has a skilled job and lives in free housing. He is requesting a 9277 credit amount to be paid back over 24 months for the purpose of purchasing a car. His credit risk seems moderate given his skilled job status and the reasonable loan amount and duration. However, without further data on his saving and checking account balances, I cannot make a fully informed judgment of credit risk. More data would be",bad risk
36,male,2,own,,moderate,2181,30,car," Based on the data provided, here is my credit risk analysis:

This 36 year old male has a skilled job and owns his housing. He has a moderate checking account. He is requesting a $2,181 car loan for 30 months. 

Given his skilled employment status and the fact that he owns his residence, he likely has a reasonable income stream. The moderate checking account also indicates a decent cash flow situation. The loan amount and duration seem in line with an average car purchase.",good risk
65,female,0,own,little,,1098,18,radio/TV," Based on the provided data, this 65 year old female has an unskilled and non-resident job, lives in her own housing, has little savings, took out a 1098 credit amount for a radio/TV over an 18 month duration. Her limited savings and unskilled job status indicate she may struggle to repay the loan, especially if her income is irregular or unstable as can be common in unskilled roles. The 1098 credit for an entertainment item rather than an essential expense also",bad risk
43,male,2,own,little,moderate,4057,24,furniture/equipment," Based on the data provided, this 43 year old male has a skilled job, owns his housing, has little savings, a moderate checking account, took out a 4057 credit amount loan for a duration of 24 months to purchase furniture/equipment. His profile presents a reasonable credit risk. The ownership of housing demonstrates financial responsibility. While his savings are low, the moderate checking account activity paired with a skilled job provides payment confidence. The credit amount and duration seem aligned to the purpose of furniture/equipment purchases",good risk
53,female,2,own,little,little,795,12,education," Based on the data provided, here is my credit risk analysis:

The applicant is a 53 year old female with a skilled job. She owns her house and has little savings in both her saving and checking accounts. She is requesting a 795 credit amount to be paid back over 12 months for education purposes.

Given her relatively stable employment situation and home ownership, she presents a low-to-moderate credit risk. The credit amount requested and duration of the loan are also moderate. More",good risk
34,male,2,own,,moderate,2825,24,business," Based on the data provided, here is my credit risk analysis:

This 34 year old male has a skilled job and owns his housing. He has a moderate checking account. He is requesting a 2825 credit amount for a 24 month business loan. 

The profile presents low credit risk overall:
- His skilled job provides financial stability. 
- Owning his housing demonstrates financial responsibility.
- A moderate checking account is reasonable for his profile.
- The requested credit amount an",unknown
23,male,2,own,little,moderate,15672,48,business," Based on the data provided, here is my credit risk analysis:

This 23 year old male has a skilled job and owns his housing. He has little savings but a moderate checking account. He is requesting a 15,672 credit amount for a business purpose, to be paid back over 48 months. 

Given his relatively young age, stable skilled employment status and home ownership, he seems to demonstrate responsible financial behavior by having some savings and moderate liquid assets for daily transactions. The moderate checking account",unknown
34,male,3,own,little,,6614,36,car," Based on the data provided, this is a 34 year old male with a highly skilled job who owns his housing. He has a small amount of savings and was approved for a 6614 credit amount over a 36 month duration to purchase a car. 

With a highly skilled job and home ownership, he seems to demonstrate financial stability that helps justify the 3600 credit approval. The 36 month term is reasonable for an auto loan. While his savings are small, having some savings does indicate financial responsibility. ",unknown
40,male,2,rent,,,7824,28,car," Based on the provided data, this 40 year old male has the following credit profile:

- Job: Skilled
- Housing: Rents his residence
- Credit Amount Requested: $7,824
- Loan Duration: 28 months 
- Loan Purpose: Car purchase

Given his skilled job status and the moderate loan amount and duration, I would evaluate him to be a reasonable credit risk. Additional positive factors are his relatively stable rented housing status and the worthwhile purpose of the",unknown
43,male,3,own,little,little,2442,27,business," Based on the provided data, this 43 year old male has a highly skilled job, owns his housing, has little savings and checking account balances, took out a 2442 credit amount over a 27 month duration for a business purpose. His profile indicates a moderately risky credit situation - while his high skill job and housing ownership are positive signs, the small savings and checking accounts suggest limited financial reserves, and the medium length, medium amount business loan carries inherent risk. Additional data on payment history and income levels woul",unknown
46,male,2,own,little,,1829,15,radio/TV," Based on the data provided, here is my credit risk analysis:

This 46 year old male customer works a skilled job and owns his housing. He has little savings and requested a 1829 credit amount over a 15 month duration to purchase a radio/TV. His limited savings indicates he has low financial reserves to withstand income disruptions. However, his skilled employment and homeownership suggest a moderate degree of financial stability. 

The relatively small loan amount and duration is reasonable given his income level.",unknown
38,male,1,own,little,little,2171,12,car," Based on the data provided, here is my credit risk analysis:

This 38 year old male has an unskilled but resident job, lives in his own house, has little savings and a little checking account. He is requesting a $2,171 car loan for 12 months. His limited savings and checking accounts indicate he has low financial buffers. However, being employed, a homeowner, and requesting a reasonable loan amount and term length for the purpose of a car, he presents a low",good risk
34,male,2,own,little,moderate,5800,36,car," Based on the data provided, this 34 year old male has a skilled job and owns his housing. He has a little savings and a moderate checking account. He is seeking a 5800 credit amount for a 36 month car loan. 

As he is skilled and a homeowner, he likely has a steady income stream, which is positive. The 36 month duration is reasonable for a car loan. However, the moderate checking account paired with little savings suggests he does not have an extensive financial cushion.",unknown
29,male,2,own,,,1169,18,radio/TV," Based on the provided personal data, here is my credit risk analysis:

The applicant is a 29 year old male with a skilled job. He owns his housing and is seeking a credit amount of 1169 over a 18 month duration to purchase a radio/TV. 

Given his relatively young age, steady skilled employment, home ownership, moderate credit amount request and purpose of the loan being for a reasonable consumer item, I would recommend approving his application. The combination of these positive factors suggests he",good risk
31,male,3,own,,,8947,36,car," Based on the limited data provided, here is my credit risk analysis:

This 31 year old male has a highly skilled job, owns his housing, and is seeking an auto loan of $8,947 over 36 months. His strong employment situation and home ownership suggest he likely has the means to repay this 3 year auto loan. However, without further data on his saving and checking account balances, I cannot reliably determine his overall financial standing and creditworthiness. Additional data on his current obligations an",unknown
28,female,3,rent,little,little,2606,21,radio/TV," Based on the data provided, here is my credit risk analysis:

This 28 year old highly skilled female is looking for a 21 month loan of 2606 for the purpose of a radio/TV. With little savings and checking, she may present a moderate credit risk despite her skilled employment status. Additional data on her income, existing debts and credit history would allow a more thorough evaluation of her ability to repay the loan. The relatively small loan amount and purpose are less concerning, but the lack of",unknown
35,female,2,own,rich,,1592,12,furniture/equipment," Based on the provided data, this 35 year old female has a skilled job and owns her housing. She has a rich saving account and took out a 1592 credit for a 12 month duration to purchase furniture or equipment. 

As she owns her house and has a good amount of savings, she seems financially responsible. The moderate credit amount she requested for household items over a reasonable duration also indicates responsible borrowing behavior. Her skilled job provides stable income to make the required payments. Overall, she looks to",good risk
33,female,1,rent,,,2186,15,furniture/equipment," Based on the limited data provided, here is my credit risk analysis:

This 33 year old female has an unskilled but resident job, rents her housing, and is seeking a reasonably sized 15 month loan of $2,186 to purchase furniture or equipment. Her credit risk seems moderate, though more financial background details would allow a more thorough analysis. Specifically, knowing her saving and checking account statuses would indicate her financial cushions and experience managing lending products. Overall she seems responsible given her resident",unknown
42,male,2,own,little,little,4153,18,furniture/equipment," Based on the data provided, this 42 year old male has a skilled job and owns his housing. He has little savings in both his saving and checking accounts. He has taken out a 4153 credit amount loan with an 18 month duration to purchase furniture or equipment. 

With his skilled job, ownership of his housing and small amount of savings, he seems responsible but lacks substantial financial assets, so there is some risk of default on an 18 month loan. However, the relatively small loan amount compare",unknown
43,male,2,rent,little,little,2625,16,car," Based on the data provided, this 43 year old male has the following credit profile:

Job: Skilled
Housing: Rents his residence
Saving accounts: Little savings
Checking account: Little funds in checking
Credit amount requested: $2,625
Loan duration: 16 months 
Loan purpose: Car purchase

Given he is employed in a skilled position, rents his housing, and has small savings/checking balances, my recommendation would be to approve the $2,",unknown
44,male,2,own,,,3485,20,car," Based on the limited data provided, here is my credit risk analysis:

The applicant is a 44 year old male with a skilled job. He owns his housing. He has requested a car loan of 3485 over a 20 month term.

His skilled job status suggests he likely has steady income to repay the loan. Homeownership also demonstrates financial responsibility. The loan amount and term seem reasonable for his profile to be able to repay over 20 months.

Overall, based on the data",unknown
42,male,2,free,,,10477,36,car," Based on the provided data, here is my credit risk analysis:

This 42 year old male has a skilled job and lives in free housing. He is requesting a 10,477 credit amount to be paid back over 36 months for the purpose of a car purchase. With a skilled job, he likely has a steady income stream to pay back the 3 year car loan. The free housing also allows more disposable income to pay the credit amount. Though more data would allow a more thorough analysis,",unknown
40,male,2,rent,,,1386,15,radio/TV," Based on the limited data provided, here is my credit risk analysis:

This 40 year old male has a skilled job, rents his housing, and is seeking a credit amount of 1386 over a 15 month duration to purchase a radio/TV. His credit risk level appears moderate given his skilled employment status and modest loan amount and duration. However, without further insight into his financial situation such as any savings or checking accounts, I cannot provide a more definitive risk assessment. Additional data on his current",unknown
36,male,3,own,little,,1278,24,radio/TV," Based on the provided data, this 36 year old highly skilled male owns his housing and has a little savings account. He is requesting a 1278 credit amount over 24 months to purchase a radio or TV. 

As a highly skilled male homeowner with some savings, he presents a low to moderate credit risk. The loan amount and duration seem reasonable for his profile. I would recommend approving the loan as long as a more complete analysis of his finances (income, other debts etc) does not reveal",unknown
20,male,3,rent,little,little,1107,12,radio/TV," Based on the data provided, here is my credit risk analysis:

This is a 20 year old male with a highly skilled job. He is currently renting his housing. He has little savings in both his saving and checking accounts. He is requesting a 1,107 credit amount to be paid back over 12 months for the purpose of a radio/TV purchase. 

Given his young age, highly skilled job status, relatively small loan amount compared to duration, and stated purpose, I woul",unknown
24,male,1,own,,little,3763,21,car," Based on the data provided, here is my credit risk analysis:

This is a 24 year old male with an unskilled but resident job. He owns his housing. He has a little checking account. He has requested a $3,763 car loan for a duration of 21 months.

Given his relatively young age, steady residency and job, home ownership, and small checking account balance, I would rate him as a moderate credit risk. The loan amount and duration seem reasonable",good risk
27,male,2,own,,moderate,3711,36,education," Based on the data provided, here is my credit risk analysis:

This 27 year old male has a skilled job and owns his housing. He has a moderate checking account. He is requesting a 3711 credit amount for an education purpose, to be paid back over 36 months. 

The age and stable housing situation are positive factors. His skilled job provides a decent and reliable income to pay back the loan. The moderate checking account also demonstrates some financial stability. The loan amount requested is moderate",good risk
46,female,1,own,little,,3594,15,car," Based on the provided data, here is my credit risk analysis:

This 46 year old female has an unskilled but resident job, lives in her own housing, has little savings, and is requesting a 3,594 credit amount over 15 months to purchase a car. Her profile presents low to moderate credit risk. The strengths reducing risk are that she has resident employment and her own housing. The amount requested is also relatively low given her profile. The main risk factor is having little savings,",good risk
33,female,1,own,,moderate,3195,9,car," Based on the provided data, this 33 year old female has an unskilled but resident job, owns her housing, has a moderate checking account, took out a 3195 credit amount over 9 month duration to purchase a car. With an unskilled but resident job and moderate checking account, she demonstrates some financial stability to manage this relatively small, short term loan for an important purpose like a car. Her profile presents low to moderate credit risk. Approving her application could support her transportation needs without",good risk
34,female,2,own,little,,4454,36,radio/TV," Based on the data provided, here is my credit risk analysis:

This 34 year old female has a skilled job and owns her housing. She has little money in her saving accounts. She has taken out a 4454 credit amount loan with a 36 month duration to purchase a radio/TV. 

Given that she is employed in a skilled position and owns her housing, she seems to have a reasonable financial foundation. The loan amount and duration are also not too high relative to her job status",good risk
25,female,1,own,little,moderate,4736,24,furniture/equipment," According to the data provided, this 25 year old female has an unskilled but resident job, lives in her own housing, has little savings, a moderate checking account, has taken out a 4736 credit amount loan for a 24 month duration to purchase furniture or equipment. 

As an unskilled but resident worker, her job situation is relatively unstable. The limited savings suggests she does not have a large financial cushion to draw from in case of income disruption. However, the moderate checking account",unknown
25,female,2,own,,moderate,2991,30,radio/TV," Based on the data provided, here is my credit risk analysis:

This is a 25 year old female with a skilled job. She owns her housing. Her checking account is moderate. She has requested a $2,991 credit amount to be repaid over 30 months for the purpose of buying a radio or TV. 

Given her skilled profession and moderate checking account balances, she likely has a reasonable, steady income. As a skilled employee with home ownership, she represents a lower credit risk",good risk
28,male,2,own,rich,,2142,11,business," Based on the data provided, this 28 year old male has a skilled job and owns his housing. He has a rich saving account and requested a $2,142 business loan for 11 months. His responsible financial habits, such as maintaining a rich saving account, steady skilled employment, and home ownership indicate he presents low credit risk despite the relatively large loan amount and duration. Approving his loan request seems financially prudent given these multiple signs of financial responsibility.",good risk
31,male,2,rent,little,little,3161,24,business," Based on the data provided, here is my credit risk analysis:

This 31 year old male has a skilled job and is currently renting his housing. He has little money in his saving and checking accounts. He is requesting a 3,161 credit amount to be paid back over 24 months for a business purpose. 

Given his skilled employment, the requested loan amount and duration seem reasonable for the stated business purpose. Having little money in his accounts indicates limited savings, however, skilled workers ten",unknown
32,female,3,own,little,moderate,18424,48,vacation/others," Based on the data provided, this 32 year old highly skilled female owns her housing and has taken out an 18,424 credit amount loan for 48 month duration, to be used for a vacation or other purposes. She has little funds in her saving accounts and a moderate amount in her checking account. As she is highly skilled and owns her house, she likely has a steady income stream to repay the loan, though the moderate checking account gives some caution. The 48 month duration is on the longer end for",good risk
32,male,2,own,moderate,,2848,10,car," Based on the data provided, here is my credit risk analysis:

This 32 year old male has a skilled job and owns his housing. He has a moderate level of savings. He is requesting a 2,848 credit amount to purchase a car, to be paid back over 10 months. 

Given his skilled employment, home ownership, and moderate savings balance, he seems to demonstrate financial stability necessary for managing this relatively small loan that will be fully paid off in less than a year. The",good risk
68,male,3,own,little,little,14896,6,car," Based on the data provided, here is my credit risk analysis:

This 68 year old male has a highly skilled job, owns his housing, has little savings and checking accounts, and is seeking a 14896 credit amount over 6 months to purchase a car. His strong employment situation and home ownership are positive factors. However, his limited savings and checking accounts could indicate he lives paycheck to paycheck. Seeking nearly $15,000 additional debt for a car, despite having little liquid savings",bad risk
33,male,2,own,moderate,little,2359,24,furniture/equipment," This individual is a 33 year old male with a skilled job who owns their housing. They have a moderate savings account and a little checking account. They are requesting a 2,359 credit amount over a 24 month duration to purchase furniture or equipment. 

Given this person's stable skilled employment status and ownership of their housing, they may present a reasonable credit risk. The moderate savings suggests some financial responsibility. The requested credit amount and duration are also not unreasonable given the good employment and housing factors. The",good risk
39,male,3,rent,little,little,3345,24,furniture/equipment," Based on the data provided, here is my credit risk analysis:

This 39 year old male has a highly skilled job, rents his housing, has little savings and checking account balances, and is requesting a $3,345, 24 month loan to purchase furniture or equipment. His positive credit attributes are his highly skilled occupation and the moderate loan amount and duration. Less favorable factors are his limited savings/checking balances and rented housing. 

Given the data available, I would rate this applicant as",unknown
28,female,2,own,little,,1817,18,furniture/equipment," Based on the data provided, here is my credit risk analysis:

This 28 year old female has a skilled job and owns her housing. She has little savings, which could indicate limited financial cushions. She is requesting a 18 month, $1,817 loan to purchase furniture or equipment. With stable skilled employment and home ownership, I would characterize this applicant as low-to-moderate credit risk. The relatively small loan amount over a shorter term is also favorable. One area of caution woul",good risk
37,male,3,own,quite rich,,12749,48,radio/TV," Based on the provided personal data, this 37 year old male has highly skilled employment, owns his housing, has quite rich saving accounts, took out a 12749 credit amount loan with a 48 month duration to purchase a radio/TV. His positive attributes are the highly skilled job, home ownership, and substantial savings account, which indicate he likely has the means to repay the loan. The moderate credit amount taken over a 4 year loan term, along with the durable goods purpose, do not raise immediate re",good risk
22,female,2,rent,little,little,1366,9,radio/TV," Based on the data provided, here is my credit risk analysis:

This 22 year old female has a skilled job and rents her housing. She has little savings in both her saving and checking accounts. She is requesting a 1,366 credit amount to be paid back over 9 months for the purpose of a radio/TV purchase.

Given her relatively young age, skilled job status, low account balances, medium loan amount and short repayment duration, I would evaluate her as a moderate credit risk",unknown
30,male,2,rent,little,moderate,2002,12,car," Based on the data provided, here is my credit risk analysis:

This 30 year old male has a skilled job and is currently renting his housing. He has little savings but a moderate checking account balance. He is requesting a 2002 credit amount to purchase a car, to be paid back over 12 months. 

Given his skilled employment, the loan details seem reasonable for his profile in terms of the amount and duration. Renting his housing suggests he may be younger and more mobile. The",unknown
55,male,2,own,little,little,6872,24,furniture/equipment," Based on the data provided, here is my credit risk analysis:

This 55 year old male customer is skilled, owns his housing, has little savings and a little amount in his checking account. He is requesting a $6,872 loan with a 2 year duration to purchase furniture or equipment. 

Given his stable skilled employment, home ownership and small nest egg, he seems to present low risk for default on a moderate 24 month installment loan like this. The loan size is mid-",good risk
46,male,2,own,little,little,697,12,car," Based on the data provided, here is my credit risk analysis:

This 46 year old male has a skilled job, owns his housing, has little savings and checking account balances, and is seeking a 697 credit amount over 12 months to purchase a car. His limited savings and checking accounts indicate lower financial liquidity to repay debts, which increases credit risk somewhat. However, his skilled job status and home ownership suggest financial stability. The credit amount requested is within a moderate range, but the 12",unknown
21,female,2,rent,little,little,1049,18,furniture/equipment," Based on the data provided, here is my credit risk analysis:

This is a 21 year old female with a skilled job. She is renting her housing. She has little savings in both her saving account and checking account. She is requesting a credit amount of $1,049 to be paid back over 18 months. The purpose of the loan is to purchase furniture or equipment.

Given her young age, skilled job status, moderate requested loan amount and relatively short payback duration,",unknown
39,male,2,free,little,little,10297,48,car," Based on the data provided, here is my credit risk analysis:

This 39 year old male has a skilled job and lives in free housing, indicating a moderately stable financial situation. He has little money in his saving and checking accounts, suggesting limited assets. He is requesting a $10,297 car loan for 48 months. Given his skilled job, the loan duration, and purpose are reasonable. 

The limited assets in his saving and checking accounts are a bit concerning for a loan of this",unknown
58,male,2,own,,,1867,30,radio/TV," Based on the limited data provided, here is my credit risk analysis:

This is a 58 year old male with a skilled job who owns his own housing. He is requesting a moderate credit amount of 1,867 for a 30 month duration, to purchase a radio/TV. His skilled job status helps his creditworthiness. Home ownership also demonstrates financial responsibility. The loan amount and duration seem reasonable given his profile. However, without further details on his savings and checking accounts, I cannot fully",unknown
43,male,1,own,little,little,1344,12,car," Based on the data provided, this 43 year old male has an unskilled but resident job, owns his housing, has little savings and checking accounts, took out a 1344 credit amount loan for 12 month duration to purchase a car. His limited savings and checking accounts indicate lower financial liquidity. However, being mid-career age, male, an owner-occupier, with a stable even if unskilled job, and demonstrating financial responsibility by keeping his car loan duration short are factors that",good risk
24,male,1,own,little,little,1747,24,furniture/equipment," Based on the data provided, this is a 24 year old male with an unskilled but resident job, who owns his housing. He has taken out a 1,747 credit amount loan for a duration of 24 months to purchase furniture or equipment. 

Given his young age, unskilled job status, small savings and checking account balances, he may be at an elevated risk of loan default or delinquency compared to borrowers with higher incomes, more assets, or longer credit histories.",unknown
22,female,2,own,little,moderate,1670,9,radio/TV," Based on the data provided, this is a 22 year old female with a skilled job who owns her housing. She has a little savings account and a moderate checking account. She has taken out a 1670 credit for a 9 month duration, to be used for purchasing a radio or TV. 

As she is young and skilled, with some savings and moderate checking, the 9 month 1670 credit seems reasonable for the stated purpose. There are no signs of overextension based on this limited data.",unknown
30,male,2,own,little,,1224,9,car," Based on the data provided, here is my credit risk analysis:

This 30 year old male has a skilled job and owns his housing. He has little savings, which indicates limited financial buffers. He is requesting a 1,224 credit amount to be paid back over 9 months, likely to purchase a car. 

The moderate credit amount over a short duration hints at good repayment capacity. Home ownership also suggests financial stability. While the limited savings is a minor concern, his skilled job status mit",unknown
42,male,2,own,quite rich,,522,12,radio/TV," Based on the data provided, this 42 year old male has a skilled job and owns his housing. His saving accounts are categorized as quite rich, indicating a good amount of savings. He has requested a 522 credit amount to be paid back over 12 months for the purpose of a radio/TV purchase. 

Given his skilled job, home ownership, substantial savings, moderate credit request for a reasonable duration, I would consider him to have a low credit risk. The purpose does not raise any particular",good risk
23,female,2,own,little,little,1498,12,radio/TV," Based on the data provided, this 23 year old female has a skilled job and owns her housing. She has both little savings and a little amount in her checking account. She is seeking a 1498 credit amount over 12 month duration in order to purchase a radio or TV. Her limited savings and checking accounts, along with seeking credit for purchasing luxury electronics rather than necessities, could indicate some risk in her ability to repay the loan. However, her skilled job status helps mitigate that risk to some degree",bad risk
30,male,3,own,moderate,moderate,1919,30,radio/TV," Based on the data provided, here is my credit risk analysis:

This 30 year old male has a highly skilled job and owns his housing. He has moderate savings and checking accounts. He is requesting a 1919 credit amount to be paid back over 30 month duration, for the purpose of a radio/TV purchase. 

Given his highly skilled job, ownership of housing, and moderate savings, he seems to demonstrate financial stability. The requested credit amount is also not very high relative to his likely",unknown
28,female,1,own,little,rich,745,9,radio/TV," Based on the data provided, here is my credit risk analysis:

The client is a 28 year old female with an unskilled but resident job. She owns her housing. Her rich checking account indicates good financial liquidity. The little savings account is less ideal but overall her financial position seems reasonable. 

The credit amount requested is 745 over a 9 month duration, to purchase a radio/TV. This seems to be a modest credit request for consumer purposes, over a reasonable timeframe",good risk
30,male,3,rent,little,moderate,2063,6,radio/TV," Based on the data provided, here is my credit risk analysis:

This 30 year old male has a highly skilled job, rents his housing, has little savings, a moderate checking account, and is requesting a $2,063 loan for 6 months to purchase a radio or TV. His highly skilled job status indicates a stable income source to repay the relatively small loan amount within the short 6 month duration. The little savings does present some risk if income is disrupted, but the moderate checking account helps",good risk
42,male,2,free,little,moderate,6288,60,education," Based on the data provided, this 42 year old male has a skilled job and lives in free housing. He has little savings and a moderate checking account. He has taken out a 6288 credit amount loan with a 60 month duration to finance an education. 

His stable skilled employment status, moderate checking account activity and ability to live in free housing are positive signs regarding his creditworthiness. However, the relatively large loan amount compared to his limited savings indicates some risk, especially for the longer 60",bad risk
46,male,3,own,,,6842,24,car," Based on the limited data provided, here is my credit risk analysis:

This 46 year old male has a highly skilled job, owns his housing, and is seeking a 6842 credit amount over 24 month duration to purchase a car. His highly skilled job and owned housing suggest he likely has a steady income stream and assets, indicating he may have a good credit profile. However, without further data on his saving/checking accounts, income levels, existing loans, or credit history, I cannot make",unknown
45,male,3,own,,,3527,12,car," Based on the provided data, here is my credit risk analysis:

This 45 year old male has a highly skilled job, owns his housing, and is seeking a 3527 credit amount over 12 months to purchase a car. His profile suggests he likely has the income and stability to manage this loan well. Without further data, he appears to be a reasonably good credit risk.",good risk
31,male,1,own,little,,1546,10,car," Based on the data provided, here is my credit risk analysis:

This 31 year old male has an unskilled but resident job, lives in his own housing, has little savings, and is seeking a 1546 credit amount over 10 months to purchase a car. His limited savings suggests he has little financial cushion, which could make repayment difficult if he encounters hardship. The 10 month duration is relatively short, meaning the monthly payments may be quite high compared to his income level given his unsk",unknown
31,male,2,own,,,929,24,furniture/equipment," Based on the limited data provided, here is my credit risk analysis:

This 31 year old male has a skilled job, owns his housing, and is seeking a 929 credit amount over a 24 month duration to purchase furniture/equipment. His credit risk level seems moderate given his stable skilled employment status and home ownership. However, without additional details on his savings and checking account balances, I cannot fully assess his financial liquidity and creditworthiness. I would request details on his saving and checking",unknown
42,male,1,own,little,,1455,4,car," Based on the data provided, here is my credit risk analysis:

This 42 year old male has an unskilled but resident job, lives in his own housing, has little savings, and is requesting a 1455 credit amount over 4 months to purchase a car. His limited savings and unskilled job may indicate he has little financial buffer. However, being a resident and homeowner imply some financial stability. The relatively small loan amount and duration suggest the loan risk may be manageable if",unknown
46,female,2,rent,little,little,1845,15,furniture/equipment," Based on the data provided, here is my credit risk analysis:

The client is a 46 year old female with a skilled job. She is currently renting her housing. She has little savings in her saving accounts as well as her checking account. She is requesting a credit amount of 1845 euros for a duration of 15 months to purchase furniture/equipment.

Given that she is skilled and middle aged, she likely has a moderate but stable income stream. The fact that she doesn't",unknown
30,female,2,own,quite rich,moderate,8358,48,car," Based on the data provided, here is my credit risk analysis:

This 30 year old female has a skilled job and owns her housing. She has quite rich saving accounts and a moderate checking account. She is requesting a 8,358 credit amount to purchase a car, to be paid back over 48 months. 

Given her skilled employment, home ownership, and substantial savings, she presents a low credit risk. The loan amount and duration seem reasonable given her financial profile. I would recommend approving",good risk
30,male,2,free,quite rich,little,3349,24,furniture/equipment," Based on the data provided, here is my credit risk analysis:

This 30 year old male has a skilled job and lives in free housing. He has quite rich saving accounts but little funds in his checking account. He is requesting a $3,349 credit amount over a 24 month duration to purchase furniture/equipment. 

Overall, he appears to have a solid financial profile. The skilled job and free housing help provide stability. The rich savings demonstrate financial discipline and ability to fund major purchases",unknown
38,male,3,own,,,2859,12,car," Based on the limited data provided, here is my credit risk analysis:

This 38 year old male has a highly skilled job, owns his housing, and is seeking a 2,859 credit amount over 12 months to purchase a car. His highly skilled job and owned housing suggest he likely has a steady income stream and assets, indicating he may have a good credit profile. 

However, without further data on his saving and checking accounts, I cannot reliably determine his broader financial situation, including his",unknown
43,male,1,own,little,,1533,18,furniture/equipment," Based on the data provided, this 43 year old male has an unskilled but resident job, lives in his own housing, has little savings, took out a 1533 credit amount loan with an 18 month duration to purchase furniture or equipment. His limited savings suggests he may struggle to repay the loan, though his residency and home ownership provide some financial stability. More data would be needed to make a definitive credit risk assessment, but there are yellow flags due to the large loan amount compared to his",unknown
31,male,2,own,moderate,,3621,24,radio/TV," Based on the data provided, here is my credit risk analysis:

This 31 year old male has a skilled job and owns his housing. He has a moderate saving account, indicating a reasonable financial cushion. He is requesting a 3621 credit amount to be paid back over 24 months, with the purpose being for a radio/TV purchase. 

Given his skilled job, ownership of housing and moderate savings, he seems to demonstrate a reasonable financial profile. The requested loan amount and duration also appear",unknown
40,male,0,own,little,moderate,3590,18,business," Based on the data provided, here is my credit risk analysis:

This 40 year old male has an unskilled and non-resident job. He owns his housing. His saving accounts are categorized as little and his checking account is moderate. He has applied for a business loan of $3,590 over a 18 month duration.

Given his unskilled job status, limited savings, and moderate checking account, there is an elevated credit risk associated with this application. However, the",unknown
24,male,2,own,little,little,2145,36,business," Based on the data provided, this is a 24 year old male with a skilled job who owns his housing. He has taken out a $2,145 business loan with a 36 month duration. His saving and checking accounts both have little funds. 

As a skilled young professional seeking business financing, he may present a reasonable credit risk if he has a sound business plan and the capacity to make the required loan payments over the 3 year term. More data on his specific business, cash flow, an",unknown
28,female,2,rent,quite rich,moderate,4113,24,car," Based on the provided data, here is my credit risk analysis:

The client is a 28 year old female with a skilled job. She is currently renting her housing. She has quite rich saving accounts and a moderate checking account. She has applied for a $4,113 car loan with a 24 month duration.

As a skilled worker renting her housing, she likely has a moderate but steady income stream to repay the loan. The quite rich saving accounts suggest she has a decent",unknown
26,female,3,own,little,,10974,36,furniture/equipment," Based on the data provided, here is my credit risk analysis:

This is a 26 year old highly skilled female who owns her housing. She has little savings and was approved for a $10,974 loan for furniture/equipment to be paid back over 36 months. 

Given her young age, highly skilled job status, and ownership of her housing, she seems to have a stable financial profile. The relatively small loan amount over a 3 year term, along with her job status, indicates",unknown
29,female,2,own,little,little,1893,12,car," Based on the data provided, here is my credit risk analysis:

This is a 29 year old female with a skilled job who owns her own housing. She has little savings in both her saving and checking accounts. She is requesting a 1,893 credit amount to purchase a car, to be paid back over 12 months.

Given her relatively young age, steady skilled employment, and ownership of her housing, she seems to demonstrate some financial stability. The loan amount and duration are also",unknown
57,female,3,rent,rich,little,1231,24,radio/TV," Based on the data provided, here is my credit risk analysis:

This is a 57 year old female with a highly skilled job. She is currently renting her housing. She has a rich saving account but a little checking account. She has applied for a 1231 credit amount to be paid back over 24 months for the purpose of a radio/TV purchase.

Given her highly skilled job, she likely has a steady income stream to pay back the loan. The moderate credit amount an",unknown
49,male,1,own,,rich,3656,30,radio/TV," Based on the data provided, here is my credit risk analysis:

This 49 year old male customer has an unskilled but resident job. He owns his housing and has a rich checking account. He is requesting a 3,656 credit amount over a 30 month duration, to purchase a radio/TV. 

Given his stable residency and employment, home ownership, and substantial assets in his checking account, he seems to present low credit risk despite requesting a moderately large loan amount compared to",good risk
37,male,1,own,little,moderate,1154,9,radio/TV," Based on the data provided, here is my credit risk analysis:

This 37 year old male has an unskilled but resident job. He owns his housing. His moderate checking account and little savings indicate a lower middle class socioeconomic status. The 1154 credit amount likely reflects his income level, as does the 9 month duration. The purpose of the loan for a radio/TV seems reasonable given his profile. 

Overall I would rate him a moderate credit risk due to steady residency",unknown
45,male,1,own,little,little,4006,28,car," Based on the data provided, here is my credit risk analysis:

This 45 year old male has an unskilled but resident job. He owns his house and has little savings in both his saving and checking accounts. He has applied for a $4,006 car loan with a 28 month duration. 

Given his stable residency and home ownership, he may present low credit risk despite his limited savings and unskilled job. The loan amount and duration are reasonable for a used car",good risk
30,male,2,free,moderate,moderate,3069,24,furniture/equipment," Based on the data provided, here is my credit risk analysis:

This 30 year old male has a skilled job and lives in free housing. He has moderate savings and checking accounts. He is requesting a 3,069 credit amount to be paid back over 24 months for the purpose of purchasing furniture/equipment. 

Given his skilled job, moderate savings, and adequate loan terms, he seems like a reasonable credit risk. The loan amount and duration aligned with his income and expenses suggests he shoul",unknown
30,male,2,rent,little,,1740,6,radio/TV," Based on the data provided, here is my credit risk analysis:

This 30 year old male has a skilled job and is currently renting his housing. He has little savings and is requesting a 1740 credit amount to be paid back over 6 months for the purpose of a radio/TV purchase. 

Given his skilled employment, the loan duration and credit amount requested seem reasonable for his profile and intended purchase purpose. The only slight concern is his limited savings buffer. However, given his job",unknown
47,male,2,own,little,moderate,2353,21,car," Based on the data provided, here is my credit risk analysis:

This 47 year old male customer has a skilled job, owns his housing, has little savings but a moderate checking account balance. He is requesting a $2,353 auto loan for 21 months. His profile presents low to moderate credit risk overall:

Positives:
- Steady skilled employment is a source of repayment ability.
- Homeownership indicates stability.

Negatives: 
- Little savings offers",unknown
29,male,2,own,,,3556,15,car," Based on the limited data provided, here is my credit risk analysis:

This 29 year old male has a skilled job, owns his housing, and is seeking a 3556 credit amount over a 15 month duration to purchase a car. His credit risk level seems moderate given his skilled job status and housing ownership. However, without further data on his saving and checking account balances, I cannot fully assess his creditworthiness or make a specific recommendation on whether to approve the loan request. More financial backgroun",bad risk
35,male,2,own,quite rich,,2397,24,radio/TV," Based on the data provided, here is my credit risk analysis:

This 35 year old male has a skilled job and owns his housing. He has quite rich saving accounts. He is requesting a credit amount of 2397 over a duration of 24 months to purchase a radio/TV. 

Given his skilled job, home ownership and sizable savings, he seems to demonstrate financial stability. The requested loan amount and duration are also reasonable compared to his profile. I would assess him as low credit risk",good risk
22,male,1,own,little,moderate,454,6,repairs," Based on the data provided, here is my credit risk analysis:

This 22 year old male has an unskilled but resident job. He owns his housing. His saving account balance is relatively low. He has a moderate checking account balance. He is requesting a 454 credit amount to finance home repairs over 6 months.

Given his stable residency and employment, moderate checking account activity, and modest loan size and duration to finance necessary home repairs, I would rate him as a low",unknown
26,female,2,own,,moderate,1715,30,radio/TV," Based on the data provided, here is my credit risk analysis:

This 26 year old female has a skilled job and owns her housing. She has a moderate checking account. She is requesting a 1715 credit amount to be paid back over 30 months for the purpose of a radio/TV purchase. 

Given her relatively young age, skilled job status, home ownership and moderate checking account, she seems to demonstrate financial stability appropriate for the loan purpose and terms. The credit amount and duration seem",unknown
23,male,1,own,quite rich,moderate,2520,27,radio/TV," Based on the data provided, here is my credit risk analysis:

This 23 year old male has an unskilled but resident job. He owns his housing. His saving accounts are categorized as quite rich and his checking account is moderate. He has requested a $2,520 credit amount to be paid back over a 27 month duration, for the purpose of purchasing a radio or TV.

Given his ownership of housing, rich savings, moderate checking, stable job as a resident, reasonable",unknown
54,female,3,rent,little,,3568,15,radio/TV," Based on the provided personal data, here is my credit risk analysis:

This is a 54 year old female with a highly skilled job. She is currently renting her housing. She has little savings in her savings account. She has requested a credit amount of 3568 for a duration of 15 months to purchase a radio/TV. 

Given that she is highly skilled and middle aged, she likely has a steady income stream to repay the loan. The loan amount and duration are also relatively",unknown
29,male,2,rent,,,7166,42,radio/TV," Based on the limited data provided, here is my credit risk analysis:

This 29 year old male has a skilled job, rents his housing, and is seeking a 42 month loan of $7,166 for the purpose of purchasing a radio/TV. His credit risk level appears moderate given his skilled employment status and the reasonable loan amount and duration. However, without further insight into his savings and checking account balances, a more definitive assessment of credit risk cannot be made. Additional financial background details woul",unknown
40,male,1,own,little,little,3939,11,car," Based on the data provided, here is my credit risk analysis:

This 40 year old male has an unskilled but resident job. He owns his house and has little savings in both his saving and checking accounts. He is requesting a $3,939 car loan for 11 months. 

Given his stable residency and home ownership, I would consider him low risk for defaulting on this relatively small, short term car loan. The loan amount and duration seem reasonable given his limited savings",good risk
22,male,2,own,moderate,moderate,1514,15,repairs," Based on the data provided, this 22 year old male has a skilled job and owns his housing. He has moderate savings and checking account balances. He is seeking a loan of 1514 units over 15 months for the purpose of repairs. 

As he is young and skilled, employed in a stable job, and has moderate savings, he seems to demonstrate financial responsibility appropriate for his age. The loan amount and duration seem reasonable compared to his income level. 

Overall this appears to be a reasonably",good risk
43,male,1,own,little,,7393,24,car," Here is my analysis and description of the person's credit risk based on the data provided:

The person is a 43 year old male who is an unskilled but resident worker. He owns his housing. His saving account status is little and he does not have any checking account information available. He is requesting a car loan of 7393 for a duration of 24 months. 

Given his profile, he seems to have a risky credit profile overall - he is an unskilled resident worker",bad risk
29,female,0,rent,little,little,1193,24,car," Based on the data provided, here is my credit risk analysis:

This 29 year old female has an unskilled and non-resident job. She is renting her housing. Her saving and checking accounts both have little funds. She has applied for a 1,193 credit amount to purchase a car, with a 24 month duration. 

Given her job and income situation, this is a high risk application. The loan amount and duration are moderate, but her limited savings and unstable housing",bad risk
36,male,2,rent,little,little,7297,60,business," Based on the data provided, here is my credit risk analysis:

This 36 year old male has a skilled job and lives in a rented property. He has little savings in both his saving and checking accounts. He has applied for a reasonably large business loan of $7,297 over a 5 year term. 

Given his skilled employment, the loan purpose and duration seem reasonable. However, his limited savings would indicate he has little financial buffer, so his ability to service the loan may be",unknown
33,female,2,own,little,,2831,30,radio/TV," Based on the provided data, here is my credit risk analysis:

This 33 year old female customer works a skilled job and owns her housing. She has little money in her savings account. She is requesting a 2831 credit amount to be paid back over 30 months for the purpose of buying a radio/TV. 

Given that she is skilled, employed, and a homeowner, she seems to demonstrate financial stability. The requested loan amount and duration are also reasonable given her profile. Her",unknown
57,female,1,own,quite rich,rich,1258,24,radio/TV," Based on the data provided, here is my credit risk analysis:

The applicant is a 57 year old female with an unskilled but resident job. She owns her housing. Her saving accounts are categorized as quite rich and her checking account is rich. She has applied for a credit amount of 1258 over a duration of 24 months to purchase a radio/TV. 

Given her stable residency status, home ownership, substantial savings and checking account balances, the credit amount requested is moderate",good risk
64,female,2,own,little,moderate,753,6,radio/TV," Based on the data provided, here is my credit risk analysis:

This 64 year old female customer has a skilled job, owns her housing, has little savings, a moderate checking account, and is requesting a 753 credit for a 6 month radio/TV purchase. Her profile suggests she likely has a steady income stream but limited assets for collateral or to cover the loan if her income was disrupted. The moderately sized loan and relatively short duration pose a low-moderate level of risk. However,",bad risk
42,male,2,own,,moderate,2427,18,business," Based on the data provided, here is my credit risk analysis:

This 42 year old male has a skilled job and owns his housing. He has a moderate checking account. He is requesting a credit amount of 2427 for a business purpose, with a 18 month duration.

Given his skilled job status and home ownership, he seems to have a reasonable financial profile. The moderate checking account activity also indicates a decent cash flow. The requested credit amount and duration seem in line with funding a",unknown
47,male,1,own,little,,2538,24,car," Based on the provided data, here is my credit risk analysis:

This 47 year old male has an unskilled but resident job, lives in his own house, has little savings, and is seeking a $2,538 auto loan for 24 months. His limited savings suggests he has little financial cushion, which could make it difficult for him to repay the loan if he encounters hardship. However, being a resident with housing provides some financial stability. The loan amount and duration seem reasonable given his",unknown
25,male,2,rent,moderate,moderate,1264,15,car," Based on the data provided, here is my credit risk analysis:

This 25 year old male has a skilled job and is currently renting his housing. He has moderate savings and checking accounts. He is requesting a $1,264 auto loan for 15 months. Given his skilled employment, moderate savings, and reasonable loan details for purchasing a vehicle, I would rate him as a low to moderate credit risk. The loan details seem reasonable for his financial profile and employment status. As long as he",unknown
49,male,2,own,little,moderate,8386,30,furniture/equipment," Based on the data provided, this 49 year old male has a skilled job and owns his housing. He has a little savings account and a moderate checking account. He is requesting a 8,386 credit amount for a 30 month duration to purchase furniture/equipment. 

As he is middle aged with a stable skilled job and home ownership, he seems to demonstrate financial responsibility. The little savings shows capacity to set aside some money. The moderate checking activity implies day-to-day financial management. Given",good risk
33,male,3,rent,little,,4844,48,business," Based on the data provided, here is my credit risk analysis:

This 33 year old male has a highly skilled job, which indicates a stable income source to repay the loan. Since he is renting his housing, he likely has flexibility to move if needed to reduce expenses. His limited savings indicates he does not have a large financial cushion. He is requesting a 4844 credit amount to be paid back over 48 months for business purposes. 

The 48 month duration is on the longer en",unknown
28,female,3,own,moderate,rich,2923,21,car," Based on the data provided, this 28 year old highly skilled female owns her housing. She has moderate savings and a rich checking account, likely indicating good financial management skills. She has taken out a $2,923 auto loan for 21 months. Given her skills, assets, and purpose this seems a reasonable credit risk.",good risk
26,male,2,own,little,little,8229,36,car," Based on the data provided, here is my credit risk analysis:

This 26 year old male has a skilled job, owns his housing, has little savings and checking accounts, and is seeking an 8,229 unit credit line for 36 months to purchase a car. His profile presents low to moderate credit risk. While his limited savings and checking accounts are a minor concern, his stable skilled employment, ownership of housing, modest credit amount, and reasonable loan duration help offset the limited funds. The state",good risk
30,male,1,own,little,,2028,24,furniture/equipment," Based on the data provided, here is my credit risk analysis:

This 30 year old male has an unskilled but resident job. He owns his housing. His savings accounts are categorized as little. He has taken out a $2,028 loan for a duration of 24 months to purchase furniture or equipment.

Given his relatively young age, steady even if unskilled job, home ownership, and moderate loan amount and duration to purchase essential household items, I would rate him as",unknown
25,female,2,rent,little,little,1433,15,furniture/equipment," Based on the data provided, here is my credit risk analysis:

The applicant is a 25 year old female with a skilled job. She is currently renting her housing. She has little savings in her saving accounts as well as her checking account. She has applied for a credit amount of $1,433 to be paid back over 15 months. The purpose of the loan is to purchase furniture/equipment.

Given that she is young with a stable skilled job, she may have goo",unknown
33,male,2,own,little,rich,6289,42,business," Based on the data provided, this 33 year old male has a skilled job and owns his housing. He has a small amount in his savings account but a substantial balance in his checking account. He is requesting a 6,289 credit amount to be paid back over 42 months for business purposes. 

Given that he is skilled and steadily employed, combined with decent funds available in his checking account, I would evaluate him to be a reasonable credit risk at the requested 6,289 amount and 42 month duration",unknown
64,female,2,own,moderate,,1409,13,radio/TV," Based on the data provided, here is my credit risk analysis:

This 64 year old female has a skilled job and owns her housing. She has a moderate level of savings. She is requesting a 1409 credit amount over a 13 month duration to purchase a radio/TV. 

Given her skilled employment, ownership of her house, moderate savings, relatively low credit amount compared to income level, and reasonable loan duration, she presents low risk for default. I would recommend approving her application.",good risk
29,male,3,free,little,little,6579,24,car," Based on the data provided, here is my credit risk analysis:

This 29 year old male has a highly skilled job and lives in free housing, indicating a relatively high socioeconomic status. He has requested a 6579 credit amount to purchase a car, to be paid back over 24 months. His saving and checking accounts are categorized as 'little', meaning he likely does not have significant financial assets, which could negatively impact his ability to repay the loan. 

Given his skilled job, the",bad risk
48,male,1,own,little,moderate,1743,24,radio/TV," Based on the provided personal data, here is my credit risk analysis:

This 48 year old male has an unskilled but resident job. He owns his housing. His saving account balance is relatively low. He has a moderate checking account balance. He is requesting a 1743 credit amount to be repaid over 24 months for the purpose of a radio or TV purchase. 

Given his stable residency and employment, moderate checking account activity, and small loan request for a reasonable duration,",unknown
37,male,1,own,,,3565,12,education," Based on the data provided, here is my credit risk analysis:

This 37 year old male has an unskilled but resident job, owns his housing, and is seeking an educational loan of 3565 over 12 months. With the information given, he seems to have a reasonable credit risk profile to be approved for the loan amount and duration he is requesting. The loan purpose being education is a positive factor. More data on his saving and checking account balances would further inform the credit decision. Let",unknown
34,male,1,own,moderate,,1569,15,radio/TV," Based on the data provided, here is my credit risk analysis:

This 34 year old male has an unskilled but resident job, lives in his own housing, has a moderate saving account, and is seeking a 1569 credit amount over 15 months to purchase a radio/TV. His moderate saving account suggests he has some financial discipline to potentially repay the loan. The credit amount and duration seem reasonable given his job and housing, and the stated purpose is for a durable consumer item rather than",unknown
23,male,1,rent,,little,1936,18,radio/TV," Based on the data provided, here is my credit risk analysis:

This 23 year old male has an unskilled but resident job. He is renting his housing. His checking account balance is relatively low. He has requested a 1936 credit amount to be paid back over 18 months, in order to purchase a radio or TV. 

Given his young age, stable local employment, and moderate credit amount compared to the loan duration, I would assess him as a reasonable credit risk. The",unknown
30,male,3,own,little,little,3959,36,furniture/equipment," Based on the data provided, this 30 year old highly skilled male has an own housing situation. He has taken out a loan of $3,959 for a duration of 36 months to purchase furniture or equipment. Since he has little funds in both his savings and checking accounts, he may be taking on additional financial risk with this loan relative to his income and assets. However, given his skill level, age, and gender, he has reasonably good financial prospects to repay it over the three year term if",unknown
50,male,2,own,,,2390,12,car," Based on the limited data provided, here is my credit risk analysis:

The applicant is a 50 year old male with a skilled job. He owns his housing and is seeking a 2,390 credit amount over 12 months for the purpose of a car. Without further financial account details, his credit worthiness cannot be fully determined. Some positive factors are his skilled employment, home ownership and moderate loan amount for a set duration. However, more details on his savings and checking accounts would shed further light",unknown
31,female,1,own,little,,1736,12,furniture/equipment," Based on the data provided, here is my credit risk analysis:

This 31 year old female has an unskilled but resident job. She owns her housing. With little savings but requesting a moderate credit amount of 1,736 for 12 months to purchase furniture or equipment, there could be some risk of default. However, her residency status and housing ownership provide some financial stability. I would recommend approving the loan but monitoring closely for the full 12 month duration. Consider requiring a co-sign",unknown
40,male,3,own,little,little,3857,30,car," Based on the data provided, this 40 year old highly skilled male has taken out a $3,857 auto loan with a 30 month term. He owns his residence and has little money in both his savings and checking accounts. Given his high skill level employment and moderate loan amount for an essential purchase like a vehicle, he seems to present low credit risk despite his minimal savings. As long as his income remains stable, he should be able to manage this additional monthly payment without issue. The loan terms are",good risk
38,male,2,own,little,,804,12,radio/TV," Based on the data provided, here is my credit risk analysis:

This 38 year old male has a skilled job and owns his housing. He has little savings and requested an 804 credit amount over 12 months to purchase a radio/TV. His limited savings would indicate he has little financial cushion. However, his skilled job and owned housing suggest he has financial stability. The 12 month loan duration and purpose seem reasonable given his profile. Overall I would rate him as a moderate credit risk - while",unknown
23,male,2,free,little,little,1845,45,radio/TV," Based on the data provided, here is my credit risk analysis:

This 23 year old male has a skilled job and lives in free housing. He has little savings in both his saving and checking accounts. He is requesting a 1845 credit amount to be paid back over 45 months for the purpose of a radio/TV purchase. 

Given his relatively young age, skilled job status, and moderate loan details (amount and duration), he seems to present a reasonable credit risk. The main area",unknown
27,male,2,own,moderate,moderate,4576,45,car," Based on the provided data, this 27 year old male has a skilled job and owns his housing. He has moderate savings and checking accounts, and has taken out a 4576 credit amount over a 45 month duration to purchase a car. 

As he is employed in a skilled position and has moderate savings, he demonstrates some financial stability. The 45 month loan term is not excessive. Overall he seems to present a reasonable credit risk profile for the 4576 loan based on the information provided.",good risk
